geoserver,nombre,titulo,descripcion,fecha_archivado,archive_item,epsg,bbox_area,n_features,bytes_geojson,bytes_geoparquet,tiene_legend_png,tiene_map_png,tiene_sample_json
mdryt.observatorioagro,bolivia:07072025,07072025,,2026-04-12,geodatosbolivia_mdryt_observatorioagro_bolivia_07072025,4326,103.160688,287,139271,34666,True,True,False
mdryt.observatorioagro,bolivia:AJO_COMUNIDAD,AJO_COMUNIDAD,,2026-04-12,geodatosbolivia_mdryt_observatorioagro_bolivia_ajo_comunidad,4326,45.389065,441,216493,61291,True,True,False
mdryt.observatorioagro,bolivia:ARROZ_COMUNIDAD,ARROZ_COMUNIDAD,,2026-04-12,geodatosbolivia_mdryt_observatorioagro_bolivia_arroz_comunidad,4326,151.6270478216349,3902,2022198,383088,True,True,True
mdryt.observatorioagro,bolivia:ARVEJA_VERDE_COMUNIDAD,ARVEJA_VERDE_COMUNIDAD,,2026-04-12,geodatosbolivia_mdryt_observatorioagro_bolivia_arveja_verde_comunidad,4326,118.60273231350595,5572,2850306,536115,True,True,True
mdryt.observatorioagro,bolivia:Area_Protegida_Departamental,Area_Protegida_Departamental,,2026-04-12,geodatosbolivia_mdryt_observatorioagro_bolivia_area_protegida_departamental,4326,113.307859,27,439870,265520,True,True,False
mdryt.observatorioagro,bolivia:Area_Protegida_Municipal,Area_Protegida_Municipal,,2026-04-12,geodatosbolivia_mdryt_observatorioagro_bolivia_area_protegida_municipal,4326,99.209329,54,541519,319215,True,True,False
mdryt.observatorioagro,bolivia:Area_Protegida_Nacional,Area_Protegida_Nacional,,2026-04-12,geodatosbolivia_mdryt_observatorioagro_bolivia_area_protegida_nacional,4326,138.378983,22,775738,459463,True,True,False
mdryt.observatorioagro,bolivia:BENI_ARROZ,BENI_ARROZ,,2026-04-12,geodatosbolivia_mdryt_observatorioagro_bolivia_beni_arroz,32720,2682.597018907454,95675,63325458,23008990,True,False,True
mdryt.observatorioagro,bolivia:BENI_ARROZ_PRED_CULT,BENI_ARROZ_PRED_CULT,,2026-04-12,geodatosbolivia_mdryt_observatorioagro_bolivia_beni_arroz_pred_cult,32720,2.521539633509996,972,5274922,2733959,True,True,True
mdryt.observatorioagro,bolivia:BENI_MAIZ,BENI_MAIZ,,2026-04-12,geodatosbolivia_mdryt_observatorioagro_bolivia_beni_maiz,32720,2.282456101337997,95676,63230154,23010830,True,True,True
mdryt.observatorioagro,bolivia:BENI_MAIZ_PRED_CULT,BENI_MAIZ_PRED_CULT,,2026-04-12,geodatosbolivia_mdryt_observatorioagro_bolivia_beni_maiz_pred_cult,32720,2.521539633509996,972,5273949,2733959,True,True,True
mdryt.observatorioagro,bolivia:BENI_SOYA,BENI_SOYA,,2026-04-12,geodatosbolivia_mdryt_observatorioagro_bolivia_beni_soya,32720,1.982452943545003,42614,30600560,11460108,True,True,True
mdryt.observatorioagro,bolivia:BENI_SOYA_PRED_CULT,BENI_SOYA_PRED_CULT,,2026-04-12,geodatosbolivia_mdryt_observatorioagro_bolivia_beni_soya_pred_cult,32720,2.099808,749,3298014,1678847,True,True,False
mdryt.observatorioagro,bolivia:BHS_evapotranspiracion_real_c,BHS_evapotranspiracion_real_c,,2026-04-12,geodatosbolivia_mdryt_observatorioagro_bolivia_bhs_evapotranspiracion_real_c,4326,157.914438,89,5290885,2872224,True,True,False
mdryt.observatorioagro,bolivia:BHS_indice_aridez_C,BHS_indice_aridez_C,,2026-04-12,geodatosbolivia_mdryt_observatorioagro_bolivia_bhs_indice_aridez_c,4326,157.914438,89,5289729,2872135,True,True,False
mdryt.observatorioagro,bolivia:CACAO_COMUNIDAD,CACAO_COMUNIDAD,,2026-04-12,geodatosbolivia_mdryt_observatorioagro_bolivia_cacao_comunidad,4326,46.049806,1148,572977,126560,True,True,False
mdryt.observatorioagro,bolivia:CAFE_COMUNIDAD,CAFE_COMUNIDAD,,2026-04-12,geodatosbolivia_mdryt_observatorioagro_bolivia_cafe_comunidad,4326,116.805054,1639,816579,174298,True,True,False
mdryt.observatorioagro,bolivia:CANIA_AZUCAR_COMUNIDAD,CANIA_AZUCAR_COMUNIDAD,,2026-04-12,geodatosbolivia_mdryt_observatorioagro_bolivia_cania_azucar_comunidad,4326,146.533281,1830,956177,196540,True,True,False
mdryt.observatorioagro,bolivia:CE,CE,,2026-04-12,geodatosbolivia_mdryt_observatorioagro_bolivia_ce,4326,161.36345300239006,7,3628665,2102466,True,True,True
mdryt.observatorioagro,bolivia:CEBADA_GRANO_COMUNIDAD,CEBADA_GRANO_COMUNIDAD,,2026-04-12,geodatosbolivia_mdryt_observatorioagro_bolivia_cebada_grano_comunidad,4326,100.00830198923195,7882,4061140,755493,True,True,True
mdryt.observatorioagro,bolivia:CEBOLLA_COMUNIDAD,CEBOLLA_COMUNIDAD,,2026-04-12,geodatosbolivia_mdryt_observatorioagro_bolivia_cebolla_comunidad,4326,152.11122732252008,4295,2155746,427316,True,True,True
mdryt.observatorioagro,bolivia:CHUQUISACA_MAIZ,CHUQUISACA_MAIZ,,2026-04-12,geodatosbolivia_mdryt_observatorioagro_bolivia_chuquisaca_maiz,32720,9.59175871319001,371652,189493113,57609197,True,True,True
mdryt.observatorioagro,bolivia:CHUQUISACA_MAIZ_PRED_CULT,CHUQUISACA_MAIZ_PRED_CULT,,2026-04-12,geodatosbolivia_mdryt_observatorioagro_bolivia_chuquisaca_maiz_pred_cult,32720,9.685581177636008,22184,167930815,77982085,True,True,True
mdryt.observatorioagro,bolivia:CHUQUISACA_TRIGO,CHUQUISACA_TRIGO,,2026-04-12,geodatosbolivia_mdryt_observatorioagro_bolivia_chuquisaca_trigo,32720,4.498970529117991,19773,53185991,25181405,True,True,True
mdryt.observatorioagro,bolivia:CHUQUISACA_TRIGO_PRED_CULT,CHUQUISACA_TRIGO_PRED_CULT,,2026-04-12,geodatosbolivia_mdryt_observatorioagro_bolivia_chuquisaca_trigo_pred_cult,32720,4.5478747587550234,32490,257710610,119453782,True,True,True
mdryt.observatorioagro,bolivia:CICE,CICE,,2026-04-12,geodatosbolivia_mdryt_observatorioagro_bolivia_cice,4326,161.36345300239006,8,3641806,2111797,True,True,True
mdryt.observatorioagro,bolivia:COD_Mun342_UCR,COD_Mun342_UCR,,2026-04-12,geodatosbolivia_mdryt_observatorioagro_bolivia_cod_mun342_ucr,4326,161.26095337225502,348,24040150,13746719,True,True,True
mdryt.observatorioagro,bolivia:Caminos_Vecinales,Caminos_Vecinales,,2026-04-12,geodatosbolivia_mdryt_observatorioagro_bolivia_caminos_vecinales,4326,157.6030659825051,626,10513751,4959356,True,True,True
mdryt.observatorioagro,bolivia:CapitalesMunicipales,CapitalesMunicipales,,2026-04-12,geodatosbolivia_mdryt_observatorioagro_bolivia_capitalesmunicipales,4326,150.198427,339,161139,48641,True,True,False
mdryt.observatorioagro,bolivia:Carencia_de_servicios_basicos_VBP,Carencia_de_servicios_basicos_VBP,,2026-04-12,geodatosbolivia_mdryt_observatorioagro_bolivia_carencia_de_servicios_basicos_vbp,4326,161.33484593068502,1314,26922750,14009254,True,True,True
mdryt.observatorioagro,bolivia:Caudal_especifico,Caudal_especifico,,2026-04-12,geodatosbolivia_mdryt_observatorioagro_bolivia_caudal_especifico,4326,163.068555,87,3476505,1833321,True,True,False
mdryt.observatorioagro,bolivia:Comunidades,Comunidades,,2026-04-12,geodatosbolivia_mdryt_observatorioagro_bolivia_comunidades,4326,156.0966712569901,19413,7019412,1010168,True,True,True
mdryt.observatorioagro,bolivia:DURAZNO_COMUNIDAD,DURAZNO_COMUNIDAD,,2026-04-12,geodatosbolivia_mdryt_observatorioagro_bolivia_durazno_comunidad,4326,47.519522,2321,1163374,244019,True,True,False
mdryt.observatorioagro,bolivia:Desertificacion,Desertificacion,,2026-04-12,geodatosbolivia_mdryt_observatorioagro_bolivia_desertificacion,4326,103.57379899425901,697,11811274,6716730,True,True,True
mdryt.observatorioagro,bolivia:FRIJOL_COMUNIDAD,FRIJOL_COMUNIDAD,,2026-04-12,geodatosbolivia_mdryt_observatorioagro_bolivia_frijol_comunidad,4326,148.66397117521197,3785,1905742,372142,True,True,True
mdryt.observatorioagro,bolivia:GIRASOL_GRANO_COMUNIDAD,GIRASOL_GRANO_COMUNIDAD,,2026-04-12,geodatosbolivia_mdryt_observatorioagro_bolivia_girasol_grano_comunidad,4326,42.32829,319,171019,51240,True,True,False
mdryt.observatorioagro,bolivia:HABA_VERDE_COMUNIDAD,HABA_VERDE_COMUNIDAD,,2026-04-12,geodatosbolivia_mdryt_observatorioagro_bolivia_haba_verde_comunidad,4326,50.45181634519004,7850,3987798,751063,True,True,True
mdryt.observatorioagro,bolivia:Inventario_Sistemas_Riego_2012,Inventario_Sistemas_Riego_2012,,2026-04-12,geodatosbolivia_mdryt_observatorioagro_bolivia_inventario_sistemas_riego_2012,4326,43.574183393328006,5584,3941802,431818,True,True,True
mdryt.observatorioagro,bolivia:LIMON_COMUNIDAD,LIMON_COMUNIDAD,,2026-04-12,geodatosbolivia_mdryt_observatorioagro_bolivia_limon_comunidad,4326,142.549612,850,416972,102782,True,True,False
mdryt.observatorioagro,bolivia:Limite_Departamental,Limite_Departamental,,2026-04-12,geodatosbolivia_mdryt_observatorioagro_bolivia_limite_departamental,4326,161.36345300239006,9,6816932,3938343,True,True,True
mdryt.observatorioagro,bolivia:MAIZ_COMUNIDAD,MAIZ_COMUNIDAD,,2026-04-12,geodatosbolivia_mdryt_observatorioagro_bolivia_maiz_comunidad,4326,154.78843981625997,12657,4263454,859312,True,True,True
mdryt.observatorioagro,bolivia:MANDARINA_COMUNIDAD,MANDARINA_COMUNIDAD,,2026-04-12,geodatosbolivia_mdryt_observatorioagro_bolivia_mandarina_comunidad,4326,133.42175963509806,2838,1459228,293910,True,True,True
mdryt.observatorioagro,bolivia:MANI_COMUNIDAD,MANI_COMUNIDAD,,2026-04-12,geodatosbolivia_mdryt_observatorioagro_bolivia_mani_comunidad,4326,146.187954,2464,1232840,249220,True,True,False
mdryt.observatorioagro,bolivia:MANZANA_COMUNIDAD,MANZANA_COMUNIDAD,,2026-04-12,geodatosbolivia_mdryt_observatorioagro_bolivia_manzana_comunidad,4326,38.777438,782,383614,93227,True,True,False
mdryt.observatorioagro,bolivia:MO,MO,,2026-04-12,geodatosbolivia_mdryt_observatorioagro_bolivia_mo,4326,161.36345300239006,7,3565720,2067225,True,True,True
mdryt.observatorioagro,bolivia:Macroregiones,Macroregiones,,2026-04-12,geodatosbolivia_mdryt_observatorioagro_bolivia_macroregiones,4326,161.368986,7,393263,234946,True,True,False
mdryt.observatorioagro,bolivia:NARANJA_COMUNIDAD,NARANJA_COMUNIDAD,,2026-04-12,geodatosbolivia_mdryt_observatorioagro_bolivia_naranja_comunidad,4326,139.74786891507097,2836,1446509,293077,True,True,True
mdryt.observatorioagro,bolivia:PAPA_COMUNIDAD,PAPA_COMUNIDAD,,2026-04-12,geodatosbolivia_mdryt_observatorioagro_bolivia_papa_comunidad,4326,125.85638941467192,12183,6082396,1215096,True,True,True
mdryt.observatorioagro,bolivia:PINIA_COMUNIDAD,PINIA_COMUNIDAD,,2026-04-12,geodatosbolivia_mdryt_observatorioagro_bolivia_pinia_comunidad,4326,139.728763,1427,723631,152387,True,True,False
mdryt.observatorioagro,bolivia:PLATANO_BANANO_COMUNIDAD,PLATANO_BANANO_COMUNIDAD,,2026-04-12,geodatosbolivia_mdryt_observatorioagro_bolivia_platano_banano_comunidad,4326,144.351486,1545,810044,169510,True,True,False
mdryt.observatorioagro,bolivia:PLATANO_POSTRE_COMUNIDAD,PLATANO_POSTRE_COMUNIDAD,,2026-04-12,geodatosbolivia_mdryt_observatorioagro_bolivia_platano_postre_comunidad,4326,151.49798523463093,4375,2309502,451844,True,True,True
mdryt.observatorioagro,bolivia:Presencia_Carbono_P1,Presencia_Carbono_P1,,2026-04-12,geodatosbolivia_mdryt_observatorioagro_bolivia_presencia_carbono_p1,4326,161.2784292407051,1190,34866446,19476179,True,True,True
mdryt.observatorioagro,bolivia:QUINUA_COMUNIDAD,QUINUA_COMUNIDAD,,2026-04-12,geodatosbolivia_mdryt_observatorioagro_bolivia_quinua_comunidad,4326,43.663295956581024,3561,1778435,355544,True,True,True
mdryt.observatorioagro,bolivia:Red_Fundamental,Red_Fundamental,,2026-04-12,geodatosbolivia_mdryt_observatorioagro_bolivia_red_fundamental,4326,145.502793855276,1005,4334795,2234451,True,True,True
mdryt.observatorioagro,bolivia:ReservoriosAgua2004,ReservoriosAgua2004,,2026-04-12,geodatosbolivia_mdryt_observatorioagro_bolivia_reservoriosagua2004,4326,130.800816,552,206119,43162,True,True,False
mdryt.observatorioagro,bolivia:SANTA_CRUZ_ARROZ,SANTA_CRUZ_ARROZ,,2026-04-12,geodatosbolivia_mdryt_observatorioagro_bolivia_santa_cruz_arroz,32720,4.041902531688983,7143,93404993,46278306,True,True,True
mdryt.observatorioagro,bolivia:SANTA_CRUZ_ARROZ_PRED_CULT,SANTA_CRUZ_ARROZ_PRED_CULT,,2026-04-12,geodatosbolivia_mdryt_observatorioagro_bolivia_santa_cruz_arroz_pred_cult,32720,4.1124359926649925,11777,14668500,6019383,True,True,True
mdryt.observatorioagro,bolivia:SANTA_CRUZ_CAÑA,SANTA_CRUZ_CAÑA,,2026-04-12,geodatosbolivia_mdryt_observatorioagro_bolivia_santa_cruz_ca_a,32720,2.0322970614450075,7134,56905587,27524745,True,True,True
mdryt.observatorioagro,bolivia:SANTA_CRUZ_CAÑA_PRED_CULT,SANTA_CRUZ_CAÑA_PRED_CULT,,2026-04-12,geodatosbolivia_mdryt_observatorioagro_bolivia_santa_cruz_ca_a_pred_cult,32720,1.686040976146003,8927,11273177,4699289,True,True,True
mdryt.observatorioagro,bolivia:SANTA_CRUZ_MAIZ,SANTA_CRUZ_MAIZ,,2026-04-12,geodatosbolivia_mdryt_observatorioagro_bolivia_santa_cruz_maiz,32720,24.285232861519987,10200,111959153,55350757,True,True,True
mdryt.observatorioagro,bolivia:SANTA_CRUZ_MAIZ_PRED_CULT,SANTA_CRUZ_MAIZ_PRED_CULT,,2026-04-12,geodatosbolivia_mdryt_observatorioagro_bolivia_santa_cruz_maiz_pred_cult,32720,21.741775652464007,10268,43508383,19993588,True,True,True
mdryt.observatorioagro,bolivia:SANTA_CRUZ_SOYA,SANTA_CRUZ_SOYA,,2026-04-12,geodatosbolivia_mdryt_observatorioagro_bolivia_santa_cruz_soya,32720,30.42977595114599,79137,872737221,431415901,True,False,True
mdryt.observatorioagro,bolivia:SANTA_CRUZ_SOYA_PRED_CULT,SANTA_CRUZ_SOYA_PRED_CULT,,2026-04-12,geodatosbolivia_mdryt_observatorioagro_bolivia_santa_cruz_soya_pred_cult,32720,24.446677392739026,31236,47361957,20538406,True,True,True
mdryt.observatorioagro,bolivia:SANTA_CRUZ_TRIGO,SANTA_CRUZ_TRIGO,,2026-04-12,geodatosbolivia_mdryt_observatorioagro_bolivia_santa_cruz_trigo,32720,1.291866968216001,3039,13383155,6562683,True,True,True
mdryt.observatorioagro,bolivia:SANTA_CRUZ_TRIGO_PRED_CULT,SANTA_CRUZ_TRIGO_PRED_CULT,,2026-04-12,geodatosbolivia_mdryt_observatorioagro_bolivia_santa_cruz_trigo_pred_cult,32720,1.380787327219001,5668,37729984,17641937,True,True,True
mdryt.observatorioagro,bolivia:SESAMO_COMUNIDAD,SESAMO_COMUNIDAD,,2026-04-12,geodatosbolivia_mdryt_observatorioagro_bolivia_sesamo_comunidad,4326,68.859827,480,246229,65522,True,True,False
mdryt.observatorioagro,bolivia:SORA_Fuentes_Agua,SORA_Fuentes_Agua,,2026-04-12,geodatosbolivia_mdryt_observatorioagro_bolivia_sora_fuentes_agua,4326,74.98786161444,4108,2198870,263987,True,True,True
mdryt.observatorioagro,bolivia:SORGO_COMUNIDAD,SORGO_COMUNIDAD,,2026-04-12,geodatosbolivia_mdryt_observatorioagro_bolivia_sorgo_comunidad,4326,115.273858,809,409760,97813,True,True,False
mdryt.observatorioagro,bolivia:SOYA_COMUNIDAD,SOYA_COMUNIDAD,,2026-04-12,geodatosbolivia_mdryt_observatorioagro_bolivia_soya_comunidad,4326,129.524385,941,480177,113630,True,True,False
mdryt.observatorioagro,bolivia:Sodio,Sodio,,2026-04-12,geodatosbolivia_mdryt_observatorioagro_bolivia_sodio,4326,161.36345300239006,9,3699354,2144508,True,True,True
mdryt.observatorioagro,bolivia:TOMATE_COMUNIDAD,TOMATE_COMUNIDAD,,2026-04-12,geodatosbolivia_mdryt_observatorioagro_bolivia_tomate_comunidad,4326,152.460901,2001,1003239,213227,True,True,False
mdryt.observatorioagro,bolivia:TRIGO_COMUNIDAD,TRIGO_COMUNIDAD,,2026-04-12,geodatosbolivia_mdryt_observatorioagro_bolivia_trigo_comunidad,4326,102.31341863739603,7038,3507148,682107,True,True,True
mdryt.observatorioagro,bolivia:Territorio_Indigena_Originario,Territorio_Indigena_Originario,,2026-04-12,geodatosbolivia_mdryt_observatorioagro_bolivia_territorio_indigena_originario,4326,141.181040473158,1391,9696465,5104735,True,True,True
mdryt.observatorioagro,bolivia:UH_Nivel1,UH_Nivel1,,2026-04-12,geodatosbolivia_mdryt_observatorioagro_bolivia_uh_nivel1,4326,161.353729751652,3,8008693,4626255,True,True,True
mdryt.observatorioagro,bolivia:UH_Nivel2,UH_Nivel2,,2026-04-12,geodatosbolivia_mdryt_observatorioagro_bolivia_uh_nivel2,4326,161.353729751652,14,12136631,7001746,True,True,True
mdryt.observatorioagro,bolivia:UH_Nivel3,UH_Nivel3,,2026-04-12,geodatosbolivia_mdryt_observatorioagro_bolivia_uh_nivel3,4326,161.353729751652,66,33993250,19580677,True,True,True
mdryt.observatorioagro,bolivia:UH_Nivel4,UH_Nivel4,,2026-04-12,geodatosbolivia_mdryt_observatorioagro_bolivia_uh_nivel4,4326,161.353729751652,338,95251020,54177817,True,True,True
mdryt.observatorioagro,bolivia:UH_Nivel5,UH_Nivel5,,2026-04-12,geodatosbolivia_mdryt_observatorioagro_bolivia_uh_nivel5,4326,161.353729751652,1996,202879037,115893155,True,True,True
mdryt.observatorioagro,bolivia:calcio,calcio,,2026-04-12,geodatosbolivia_mdryt_observatorioagro_bolivia_calcio,4326,161.36345300239006,6,3550326,2059138,True,True,True
mdryt.observatorioagro,bolivia:calicatas_mdryt,calicatas_mdryt,,2026-04-12,geodatosbolivia_mdryt_observatorioagro_bolivia_calicatas_mdryt,4326,154.78474691471,5959,3495948,507586,True,True,True
mdryt.observatorioagro,bolivia:coeficiente_escorrentia,coeficiente_escorrentia,,2026-04-12,geodatosbolivia_mdryt_observatorioagro_bolivia_coeficiente_escorrentia,4326,163.068555,87,3476960,1833156,True,True,False
mdryt.observatorioagro,bolivia:evapotranspiracion_potencial_c,evapotranspiracion_potencial_c,,2026-04-12,geodatosbolivia_mdryt_observatorioagro_bolivia_evapotranspiracion_potencial_c,4326,163.068555,88,3479841,1817298,True,True,False
mdryt.observatorioagro,bolivia:magnecio,magnecio,,2026-04-12,geodatosbolivia_mdryt_observatorioagro_bolivia_magnecio,4326,161.36345300239006,4,3554146,2060198,True,True,True
mdryt.observatorioagro,bolivia:nitrogeno_total,nitrogeno_total,,2026-04-12,geodatosbolivia_mdryt_observatorioagro_bolivia_nitrogeno_total,4326,161.36345300239006,6,3554493,2061013,True,True,True
mdryt.observatorioagro,bolivia:ph,ph,,2026-04-12,geodatosbolivia_mdryt_observatorioagro_bolivia_ph,4326,161.27999597298398,1256,31998863,17961361,True,True,True
mdryt.observatorioagro,bolivia:plan_de_uso_suelo,plan_de_uso_suelo,,2026-04-12,geodatosbolivia_mdryt_observatorioagro_bolivia_plan_de_uso_suelo,4326,161.24163383032402,8334,66045555,30081381,True,True,True
mdryt.observatorioagro,bolivia:potasio,potasio,,2026-04-12,geodatosbolivia_mdryt_observatorioagro_bolivia_potasio,4326,161.36345300239006,7,3602464,2090501,True,True,True
mdryt.observatorioagro,bolivia:prof_efectiva,prof_efectiva,,2026-04-12,geodatosbolivia_mdryt_observatorioagro_bolivia_prof_efectiva,4326,154.78474691471,9,3567845,2067964,True,True,True
mdryt.observatorioagro,bolivia:rios_principales_wgs_84,rios_principales_wgs_84,,2026-04-12,geodatosbolivia_mdryt_observatorioagro_bolivia_rios_principales_wgs_84,4326,163.686892,818,4928237,2751289,True,True,False
mdryt.observatorioagro,bolivia:rios_secundarios,rios_secundarios,,2026-04-12,geodatosbolivia_mdryt_observatorioagro_bolivia_rios_secundarios,3857,158.40215840423096,25670,27195406,8388086,True,True,True
mdryt.observatorioagro,bolivia:sistemas_de_vida1,sistemas_de_vida1,,2026-04-12,geodatosbolivia_mdryt_observatorioagro_bolivia_sistemas_de_vida1,4326,161.36345300239006,339,24911074,14296128,True,True,True
mdryt.observatorioagro,bolivia:unidades_socioculturales1,unidades_socioculturales1,,2026-04-12,geodatosbolivia_mdryt_observatorioagro_bolivia_unidades_socioculturales1,4326,158.96315590818594,1724,203427112,106584277,True,True,True
mdryt.observatorioagro,ppbr:ACCESOS_2020,ACCESOS_2020,,2026-04-12,geodatosbolivia_mdryt_observatorioagro_ppbr_accesos_2020,4326,111.674488,187,126973,41692,True,True,False
mdryt.observatorioagro,ppbr:AGROINDUSTRIAL_Y_EXPORTACION,AGROINDUSTRIAL_Y_EXPORTACION,,2026-04-12,geodatosbolivia_mdryt_observatorioagro_ppbr_agroindustrial_y_exportacion,4326,14.463057655104013,25,10815319,6258098,True,True,True
mdryt.observatorioagro,ppbr:AGROPECUARIO,AGROPECUARIO,,2026-04-12,geodatosbolivia_mdryt_observatorioagro_ppbr_agropecuario,4326,33.197041538044985,177,81418906,46871538,True,True,True
mdryt.observatorioagro,ppbr:AGROPECUARIO_LIMITADO,AGROPECUARIO_LIMITADO,,2026-04-12,geodatosbolivia_mdryt_observatorioagro_ppbr_agropecuario_limitado,4326,10.264832971470993,31,3638821,2111903,True,True,True
mdryt.observatorioagro,ppbr:ANDINISMO,ANDINISMO,,2026-04-12,geodatosbolivia_mdryt_observatorioagro_ppbr_andinismo,4326,33.133349734109956,39,1398427,817294,True,True,True
mdryt.observatorioagro,ppbr:APROVECHAMIENTO_FORRAJERO,APROVECHAMIENTO_FORRAJERO,,2026-04-12,geodatosbolivia_mdryt_observatorioagro_ppbr_aprovechamiento_forrajero,4326,13.673727870803043,75,4634054,2628641,True,True,True
mdryt.observatorioagro,ppbr:AP_MIAGUA_05_03_2018,AP_MIAGUA_05_03_2018,,2026-04-12,geodatosbolivia_mdryt_observatorioagro_ppbr_ap_miagua_05_03_2018,4326,,2218,1440904,227370,True,False,True
mdryt.observatorioagro,ppbr:AP_SB_05_03_2018,AP_SB_05_03_2018,,2026-04-12,geodatosbolivia_mdryt_observatorioagro_ppbr_ap_sb_05_03_2018,4326,136.572324,745,667987,127942,True,True,False
mdryt.observatorioagro,ppbr:BEN_quema2023,BEN_quema2023,,2026-04-12,geodatosbolivia_mdryt_observatorioagro_ppbr_ben_quema2023,4326,35.633341132360044,14608,107300159,57418935,True,True,True
mdryt.observatorioagro,ppbr:CACAO_2023,CACAO_2023,,2026-04-12,geodatosbolivia_mdryt_observatorioagro_ppbr_cacao_2023,4326,44.912537,111,144386,55452,True,True,False
mdryt.observatorioagro,ppbr:CBA_quema2023,CBA_quema2023,,2026-04-12,geodatosbolivia_mdryt_observatorioagro_ppbr_cba_quema2023,4326,5.916355162775992,8068,26389377,12009934,True,True,True
mdryt.observatorioagro,ppbr:CHQ_quema2023,CHQ_quema2023,,2026-04-12,geodatosbolivia_mdryt_observatorioagro_ppbr_chq_quema2023,4326,4.765689,218,737808,324420,True,True,False
mdryt.observatorioagro,ppbr:CULTIVOS_AGRICOLAS,CULTIVOS_AGRICOLAS,,2026-04-12,geodatosbolivia_mdryt_observatorioagro_ppbr_cultivos_agricolas,4326,159.11209054428804,299,81898111,47271122,True,True,True
mdryt.observatorioagro,ppbr:CULTIVOS_AGRICOLAS_LIMITADO,CULTIVOS_AGRICOLAS_LIMITADO,,2026-04-12,geodatosbolivia_mdryt_observatorioagro_ppbr_cultivos_agricolas_limitado,4326,1.393668,6,132306,88015,True,True,False
mdryt.observatorioagro,ppbr:CULTIVOS_AGRICOLAS_MERCADO_LOCAL,CULTIVOS_AGRICOLAS_MERCADO_LOCAL,,2026-04-12,geodatosbolivia_mdryt_observatorioagro_ppbr_cultivos_agricolas_mercado_local,4326,86.98073913482602,184,40975863,23555283,True,True,True
mdryt.observatorioagro,ppbr:CULTIVOS_DE_HORTALIZAS,CULTIVOS_DE_HORTALIZAS,,2026-04-12,geodatosbolivia_mdryt_observatorioagro_ppbr_cultivos_de_hortalizas,4326,3.163463,3,45190,39041,True,True,False
mdryt.observatorioagro,ppbr:CULTIVOS_DE_HORTALIZAS_Y_FRUTAS,CULTIVOS_DE_HORTALIZAS_Y_FRUTAS,,2026-04-12,geodatosbolivia_mdryt_observatorioagro_ppbr_cultivos_de_hortalizas_y_frutas,4326,25.13787370266604,17,2565888,1498396,True,True,True
mdryt.observatorioagro,ppbr:CULTIVOS_INDUSTRIALES_Y_DE_CONSUMO,CULTIVOS_INDUSTRIALES_Y_DE_CONSUMO,,2026-04-12,geodatosbolivia_mdryt_observatorioagro_ppbr_cultivos_industriales_y_de_consumo,4326,33.564519468879965,33,7160384,4157044,True,True,True
mdryt.observatorioagro,ppbr:DETI_II_2020,DETI_II_2020,,2026-04-12,geodatosbolivia_mdryt_observatorioagro_ppbr_deti_ii_2020,4326,52.216621,128,74865,32981,True,True,False
mdryt.observatorioagro,ppbr:DETI_I_2020,DETI_I_2020,,2026-04-12,geodatosbolivia_mdryt_observatorioagro_ppbr_deti_i_2020,4326,32.200182,112,65710,31091,True,True,False
mdryt.observatorioagro,ppbr:EXPLOTACION_DE_SALMUERAS_Y_EVAPORITAS,EXPLOTACION_DE_SALMUERAS_Y_EVAPORITAS,,2026-04-12,geodatosbolivia_mdryt_observatorioagro_ppbr_explotacion_de_salmueras_y_evaporitas,4326,7.176020923952984,15,2812533,1639713,True,True,True
mdryt.observatorioagro,ppbr:EXPLOTACION_DE_YACIMIENTOS_MINEROS,EXPLOTACION_DE_YACIMIENTOS_MINEROS,,2026-04-12,geodatosbolivia_mdryt_observatorioagro_ppbr_explotacion_de_yacimientos_mineros,4326,69.50086540224102,235,76310891,43940285,True,True,True
mdryt.observatorioagro,ppbr:EXTRACTIVO_FORESTAL_Y_PETROLERO,EXTRACTIVO_FORESTAL_Y_PETROLERO,,2026-04-12,geodatosbolivia_mdryt_observatorioagro_ppbr_extractivo_forestal_y_petrolero,4326,13.827857117500015,47,28079366,16218223,True,True,True
mdryt.observatorioagro,ppbr:FONADIN_2020_2,FONADIN_2020_2,,2026-04-12,geodatosbolivia_mdryt_observatorioagro_ppbr_fonadin_2020_2,4326,1.64916,25,14380,20073,True,True,True
mdryt.observatorioagro,ppbr:FONADIN_2023,FONADIN_2023,,2026-04-12,geodatosbolivia_mdryt_observatorioagro_ppbr_fonadin_2023,4326,3.885468,82,102509,50358,True,True,False
mdryt.observatorioagro,ppbr:FORESTAL_LIMITADO,FORESTAL_LIMITADO,,2026-04-12,geodatosbolivia_mdryt_observatorioagro_ppbr_forestal_limitado,4326,56.14094883720201,78,16936375,9791452,True,True,True
mdryt.observatorioagro,ppbr:FORESTAL_MADERABLE,FORESTAL_MADERABLE,,2026-04-12,geodatosbolivia_mdryt_observatorioagro_ppbr_forestal_maderable,4326,103.64588781415799,125,98727101,57032389,True,True,True
mdryt.observatorioagro,ppbr:FORESTAL_MADERABLE_Y_NO_MADERABLE,FORESTAL_MADERABLE_Y_NO_MADERABLE,,2026-04-12,geodatosbolivia_mdryt_observatorioagro_ppbr_forestal_maderable_y_no_maderable,4326,63.855714618969,47,102622559,59402686,True,True,True
mdryt.observatorioagro,ppbr:FORESTAL_MADERABLE_Y_NO_MADERABLE_LIMITADO,FORESTAL_MADERABLE_Y_NO_MADERABLE_LIMITADO,,2026-04-12,geodatosbolivia_mdryt_observatorioagro_ppbr_forestal_maderable_y_no_maderable_limitado,4326,64.96430001689998,73,118415847,68570297,True,True,True
mdryt.observatorioagro,ppbr:FRUTOS_AMAZONICOS_2023,FRUTOS_AMAZONICOS_2023,,2026-04-12,geodatosbolivia_mdryt_observatorioagro_ppbr_frutos_amazonicos_2023,4326,22.525999,65,87554,48528,True,True,False
mdryt.observatorioagro,ppbr:FRUTOS_DEL_VALLE_2023,FRUTOS_DEL_VALLE_2023,,2026-04-12,geodatosbolivia_mdryt_observatorioagro_ppbr_frutos_del_valle_2023,4326,52.705029,92,120693,53533,True,True,False
mdryt.observatorioagro,ppbr:GANADERIA,GANADERIA,,2026-04-12,geodatosbolivia_mdryt_observatorioagro_ppbr_ganaderia,4326,141.83877910101907,166,121454125,70072837,True,True,True
mdryt.observatorioagro,ppbr:GANADERIA_BOVINA_USO_LIMITADO,GANADERIA_BOVINA_USO_LIMITADO,,2026-04-12,geodatosbolivia_mdryt_observatorioagro_ppbr_ganaderia_bovina_uso_limitado,4326,73.89198257024701,26,62341412,35681964,True,True,True
mdryt.observatorioagro,ppbr:GANADERIA_LIMITADO,GANADERIA_LIMITADO,,2026-04-12,geodatosbolivia_mdryt_observatorioagro_ppbr_ganaderia_limitado,4326,55.991002693725,30,30900898,17876823,True,True,True
mdryt.observatorioagro,ppbr:INIAF_2020,INIAF_2020,,2026-04-12,geodatosbolivia_mdryt_observatorioagro_ppbr_iniaf_2020,4326,63.15847,57,26961,21250,True,True,True
mdryt.observatorioagro,ppbr:INIAF_2023,INIAF_2023,,2026-04-12,geodatosbolivia_mdryt_observatorioagro_ppbr_iniaf_2023,4326,2.804468,5,7157,37753,True,True,True
mdryt.observatorioagro,ppbr:IPDSA_PERIURB,IPDSA_PERIURB,,2026-04-12,geodatosbolivia_mdryt_observatorioagro_ppbr_ipdsa_periurb,4326,108.148434,63,95055,48480,True,True,False
mdryt.observatorioagro,ppbr:IPDSA_TUB_2023,IPDSA_TUB_2023,,2026-04-12,geodatosbolivia_mdryt_observatorioagro_ppbr_ipdsa_tub_2023,4326,29.086918,156,204215,50275,True,True,False
mdryt.observatorioagro,ppbr:LPZ_quema2023,LPZ_quema2023,,2026-04-12,geodatosbolivia_mdryt_observatorioagro_ppbr_lpz_quema2023,4326,14.22284094134396,4942,38060350,18861944,True,True,True
mdryt.observatorioagro,ppbr:MIC_07_06_2018,MIC_07_06_2018,,2026-04-12,geodatosbolivia_mdryt_observatorioagro_ppbr_mic_07_06_2018,4326,81.11050252987799,198,15367938,6938648,True,True,True
mdryt.observatorioagro,ppbr:MIC_2018,MIC_2018,,2026-04-12,geodatosbolivia_mdryt_observatorioagro_ppbr_mic_2018,4326,28.162039,21,920207,537944,True,True,False
mdryt.observatorioagro,ppbr:NUESTRO_POZO_2023,NUESTRO_POZO_2023,,2026-04-12,geodatosbolivia_mdryt_observatorioagro_ppbr_nuestro_pozo_2023,4326,60.530837,286,401064,73118,True,True,False
mdryt.observatorioagro,ppbr:ORU_quema2023,ORU_quema2023,,2026-04-12,geodatosbolivia_mdryt_observatorioagro_ppbr_oru_quema2023,4326,0.551998,5,34350,33672,True,True,False
mdryt.observatorioagro,ppbr:PAPS_II_2020_2,PAPS_II_2020_2,,2026-04-12,geodatosbolivia_mdryt_observatorioagro_ppbr_paps_ii_2020_2,4326,0.98587,662,283003,55850,True,True,False
mdryt.observatorioagro,ppbr:PAR_II_2020,PAR_II_2020,,2026-04-12,geodatosbolivia_mdryt_observatorioagro_ppbr_par_ii_2020,4326,63.002957,390,242306,63717,True,True,False
mdryt.observatorioagro,ppbr:PAR_II_2023,PAR_II_2023,,2026-04-12,geodatosbolivia_mdryt_observatorioagro_ppbr_par_ii_2023,4326,144.600743,819,1086530,184420,True,True,False
mdryt.observatorioagro,ppbr:PAR_I_2020,PAR_I_2020,,2026-04-12,geodatosbolivia_mdryt_observatorioagro_ppbr_par_i_2020,4326,54.756219,377,237457,61935,True,True,False
mdryt.observatorioagro,ppbr:PASTOREO_EXTENSIVO,PASTOREO_EXTENSIVO,,2026-04-12,geodatosbolivia_mdryt_observatorioagro_ppbr_pastoreo_extensivo,4326,58.068240126281104,224,62395189,35884825,True,True,True
mdryt.observatorioagro,ppbr:PASTOREO_LIMITADO,PASTOREO_LIMITADO,,2026-04-12,geodatosbolivia_mdryt_observatorioagro_ppbr_pastoreo_limitado,4326,52.526521201325984,209,58309919,33606534,True,True,True
mdryt.observatorioagro,ppbr:PASTOREO_Y_RAMONEO,PASTOREO_Y_RAMONEO,,2026-04-12,geodatosbolivia_mdryt_observatorioagro_ppbr_pastoreo_y_ramoneo,4326,20.650631485007967,15,7345882,4225489,True,True,True
mdryt.observatorioagro,ppbr:PICAR_2020,PICAR_2020,,2026-04-12,geodatosbolivia_mdryt_observatorioagro_ppbr_picar_2020,4326,32.2786,173,131879,40444,True,True,False
mdryt.observatorioagro,ppbr:PISCICOLA_Y_CAPTACION_DE_AGUA,PISCICOLA_Y_CAPTACION_DE_AGUA,,2026-04-12,geodatosbolivia_mdryt_observatorioagro_ppbr_piscicola_y_captacion_de_agua,4326,159.60090250047992,271,29735189,17127648,True,True,True
mdryt.observatorioagro,ppbr:PND_quema2023,PND_quema2023,,2026-04-12,geodatosbolivia_mdryt_observatorioagro_ppbr_pnd_quema2023,4326,11.298868,377,1166665,613181,True,True,False
mdryt.observatorioagro,ppbr:PROCAMELIDOS_2023,PROCAMELIDOS_2023,,2026-04-12,geodatosbolivia_mdryt_observatorioagro_ppbr_procamelidos_2023,4326,25.888646,22,32037,41115,True,True,False
mdryt.observatorioagro,ppbr:PROTECCION_Y_VIDA_SILVESTRE,PROTECCION_Y_VIDA_SILVESTRE,,2026-04-12,geodatosbolivia_mdryt_observatorioagro_ppbr_proteccion_y_vida_silvestre,4326,151.07262073516813,56,26295579,15160615,True,True,True
mdryt.observatorioagro,ppbr:PROYECTOS_EN_CUENCAS_NIVEL_5,PROYECTOS_EN_CUENCAS_NIVEL_5,,2026-04-12,geodatosbolivia_mdryt_observatorioagro_ppbr_proyectos_en_cuencas_nivel_5,4326,86.84169900042305,264,48705620,27791227,True,True,True
mdryt.observatorioagro,ppbr:PROY_PRESAS_2023,PROY_PRESAS_2023,,2026-04-12,geodatosbolivia_mdryt_observatorioagro_ppbr_proy_presas_2023,4326,13.959983,12,8004,21618,True,False,True
mdryt.observatorioagro,ppbr:PTS_quema2023,PTS_quema2023,,2026-04-12,geodatosbolivia_mdryt_observatorioagro_ppbr_pts_quema2023,4326,0.4493669600279994,123,718166,363984,True,True,True
mdryt.observatorioagro,ppbr:RAMAJE_PARA_COMBUSTIBLE,RAMAJE_PARA_COMBUSTIBLE,,2026-04-12,geodatosbolivia_mdryt_observatorioagro_ppbr_ramaje_para_combustible,4326,33.731891089540014,52,22971582,13261132,True,True,True
mdryt.observatorioagro,ppbr:RIEGO_2012,RIEGO_2012,,2026-04-12,geodatosbolivia_mdryt_observatorioagro_ppbr_riego_2012,4326,86.93052870504606,5817,2643328,295816,True,True,True
mdryt.observatorioagro,ppbr:RIEGO_2023,RIEGO_2023,,2026-04-12,geodatosbolivia_mdryt_observatorioagro_ppbr_riego_2023,4326,48.788448,361,188130,44956,True,True,False
mdryt.observatorioagro,ppbr:Riego_Inv_09_07_2018,Riego_Inv_09_07_2018,,2026-04-12,geodatosbolivia_mdryt_observatorioagro_ppbr_riego_inv_09_07_2018,4326,61.076809,1505,1142086,159758,True,True,False
mdryt.observatorioagro,ppbr:Riego_PreInv_30_05_2018,Riego_PreInv_30_05_2018,,2026-04-12,geodatosbolivia_mdryt_observatorioagro_ppbr_riego_preinv_30_05_2018,4326,85.59979,358,245665,65341,True,True,False
mdryt.observatorioagro,ppbr:SCZ_quema2023,SCZ_quema2023,,2026-04-12,geodatosbolivia_mdryt_observatorioagro_ppbr_scz_quema2023,4326,44.21014201357798,9609,27479065,13701758,True,True,True
mdryt.observatorioagro,ppbr:SILVOPASTORIL,SILVOPASTORIL,,2026-04-12,geodatosbolivia_mdryt_observatorioagro_ppbr_silvopastoril,4326,25.52339855045999,21,26768494,15461268,True,True,True
mdryt.observatorioagro,ppbr:SILVOPASTORIL_LIMITADO,SILVOPASTORIL_LIMITADO,,2026-04-12,geodatosbolivia_mdryt_observatorioagro_ppbr_silvopastoril_limitado,4326,1.1523224985999994,7,1460698,855649,True,True,True
mdryt.observatorioagro,ppbr:TAR_quema2023,TAR_quema2023,,2026-04-12,geodatosbolivia_mdryt_observatorioagro_ppbr_tar_quema2023,4326,2.877964958099991,552,1229521,544603,True,True,True
mdryt.observatorioagro,ppbr:TURISMO_DE_AVENTURA,TURISMO_DE_AVENTURA,,2026-04-12,geodatosbolivia_mdryt_observatorioagro_ppbr_turismo_de_aventura,4326,17.646906,10,96593,70406,True,True,False
mdryt.observatorioagro,ppbr:TURISTICO_ESCENICO,TURISTICO_ESCENICO,,2026-04-12,geodatosbolivia_mdryt_observatorioagro_ppbr_turistico_escenico,4326,117.476646234835,205,38783411,22313457,True,True,True
mdryt.observatorioagro,ppbr:UCEP_2023,UCEP_2023,,2026-04-12,geodatosbolivia_mdryt_observatorioagro_ppbr_ucep_2023,4326,49.365349,638,450708,92568,True,True,False
mdryt.observatorioagro,ppbr:VIDA_SILVESTRE,VIDA_SILVESTRE,,2026-04-12,geodatosbolivia_mdryt_observatorioagro_ppbr_vida_silvestre,4326,74.481324,73,41598764,22849477,True,True,False
mdryt.observatorioagro,ppbr:ZONA__URBANA,ZONA__URBANA,,2026-04-12,geodatosbolivia_mdryt_observatorioagro_ppbr_zona_urbana,4326,149.02121382708688,248,1442505,814398,True,True,True
mhe.geoportal,geonode:AT0,AT,,2026-04-12,geodatosbolivia_mhe_geoportal_geonode_at0,32720,1.6043536392750009,42,127882,65453,True,True,True
mhe.geoportal,geonode:AT1,AT,,2026-04-12,geodatosbolivia_mhe_geoportal_geonode_at1,32720,1.6043536392750009,42,127882,65453,True,True,True
mhe.geoportal,geonode:Area_Don_Diego,Area_Don_Diego,,2026-04-12,geodatosbolivia_mhe_geoportal_geonode_area_don_diego,4326,1.9249977024399876,12910,3228007,512696,True,True,True
mhe.geoportal,geonode:Area_Sacaca,Area_Sacaca,,2026-04-12,geodatosbolivia_mhe_geoportal_geonode_area_sacaca,4326,0.8773710643529943,9282,2280739,341155,True,True,True
mhe.geoportal,geonode:Area_Tupiza,Area_Tupiza,,2026-04-12,geodatosbolivia_mhe_geoportal_geonode_area_tupiza,4326,1.8379711997489971,8402,2037717,327299,True,True,True
mhe.geoportal,geonode:Areas_Dispersas,Areas_Dispersas,,2026-04-12,geodatosbolivia_mhe_geoportal_geonode_areas_dispersas,4326,10.806403290878983,23344,5771118,752722,True,True,True
mhe.geoportal,geonode:BELGICA_GUARACACHI,BELGICA_GUARACACHI,,2026-04-12,geodatosbolivia_mhe_geoportal_geonode_belgica_guaracachi,4326,0.03354716332000073,106,31512,19449,True,True,True
mhe.geoportal,geonode:BELGICA_URUBO,BELGICA_URUBO,,2026-04-12,geodatosbolivia_mhe_geoportal_geonode_belgica_urubo,4326,0.008270750624999912,57,19331,17463,True,True,True
mhe.geoportal,geonode:BOL_roads,BOL_roads,,2026-04-12,geodatosbolivia_mhe_geoportal_geonode_bol_roads,4326,156.18609762214504,1735,1171566,452321,True,True,True
mhe.geoportal,geonode:BOL_water_areas_dcw,BOL_water_areas_dcw,,2026-04-12,geodatosbolivia_mhe_geoportal_geonode_bol_water_areas_dcw,4326,156.32804325899096,652,911468,415453,True,True,True
mhe.geoportal,geonode:BOL_water_lines_dcw,BOL_water_lines_dcw,,2026-04-12,geodatosbolivia_mhe_geoportal_geonode_bol_water_lines_dcw,4326,158.93951218346493,3427,2776805,1127076,True,True,True
mhe.geoportal,geonode:BT_EXT_IDTR_PER_III,BT_EXT_IDTR_PER_III,,2026-04-12,geodatosbolivia_mhe_geoportal_geonode_bt_ext_idtr_per_iii,4326,128.61067689229193,68021,32007081,4377036,True,True,True
mhe.geoportal,geonode:BT_Minired,BT_Minired,,2026-04-12,geodatosbolivia_mhe_geoportal_geonode_bt_minired,4326,110.80134502024498,4427,1508861,199938,True,True,True
mhe.geoportal,geonode:Base_Comunidades_2017,Base_Comunidades_2017,,2026-04-12,geodatosbolivia_mhe_geoportal_geonode_base_comunidades_2017,4326,157.9676942129641,22394,8367394,1133926,True,True,True
mhe.geoportal,geonode:Base_Comunidades_2018,Base_Comunidades_2018,,2026-04-12,geodatosbolivia_mhe_geoportal_geonode_base_comunidades_2018,4326,157.9676942129641,22394,8569144,1134498,True,True,True
mhe.geoportal,geonode:Base_Comunidades_2019,Base_Comunidades_2019,,2026-04-12,geodatosbolivia_mhe_geoportal_geonode_base_comunidades_2019,4326,157.9676942129641,22393,8530034,1267871,True,True,True
mhe.geoportal,geonode:Bolivia_Noche_2013,Bolivia_Noche_2013,,2026-04-12,geodatosbolivia_mhe_geoportal_geonode_bolivia_noche_2013,4326,154.07313389549603,1198,445534,132947,True,True,True
mhe.geoportal,geonode:Bolivia_Noche_2014,Bolivia_Noche_2014,,2026-04-12,geodatosbolivia_mhe_geoportal_geonode_bolivia_noche_2014,4326,153.2377519383369,1129,404318,129921,True,True,True
mhe.geoportal,geonode:Bolivia_Noche_2016,Bolivia_Noche_2016,,2026-04-12,geodatosbolivia_mhe_geoportal_geonode_bolivia_noche_2016,4326,154.97342256793505,1475,525359,157823,True,True,True
mhe.geoportal,geonode:Bolivia_Noche_2017,Bolivia_Noche_2017,,2026-04-12,geodatosbolivia_mhe_geoportal_geonode_bolivia_noche_2017,4326,156.2718862666261,1806,635042,190166,True,True,True
mhe.geoportal,geonode:CAF_1_Areas_Totales_y_Manuales_De_Inundacion_,CAF_1_Areas_Totales_y_Manuales_De_Inundacion_,,2026-04-12,geodatosbolivia_mhe_geoportal_geonode_caf_1_areas_totales_y_manuales_de_inundacion,4326,71.54432177099403,70,9054620,4565101,True,True,True
mhe.geoportal,geonode:CAF_2_Puntos_intake_COMB_F,CAF_2_Puntos_intake_COMB_F,,2026-04-12,geodatosbolivia_mhe_geoportal_geonode_caf_2_puntos_intake_comb_f,4326,35.24325010407894,17,9310,19415,True,True,True
mhe.geoportal,geonode:CAF_3_Puntos_intake_RoR,CAF_3_Puntos_intake_RoR,,2026-04-12,geodatosbolivia_mhe_geoportal_geonode_caf_3_puntos_intake_ror,4326,46.24218131520602,147,77377,31919,True,True,True
mhe.geoportal,geonode:CAF_4_Puntos_PH_COMB_F,CAF_4_Puntos_PH_COMB_F,,2026-04-12,geodatosbolivia_mhe_geoportal_geonode_caf_4_puntos_ph_comb_f,4326,34.65922981625207,17,10403,22097,True,True,True
mhe.geoportal,geonode:CAF_5_Puntos_PH_DAM,CAF_5_Puntos_PH_DAM,,2026-04-12,geodatosbolivia_mhe_geoportal_geonode_caf_5_puntos_ph_dam,4326,62.15403639450798,53,32298,26949,True,True,True
mhe.geoportal,geonode:CAF_6_Puntos_PH_RoR,CAF_6_Puntos_PH_RoR,,2026-04-12,geodatosbolivia_mhe_geoportal_geonode_caf_6_puntos_ph_ror,4326,46.45257606958406,147,87292,37036,True,True,True
mhe.geoportal,geonode:CAF_7_Tunel_COMB_F,CAF_7_Tunel_COMB_F,,2026-04-12,geodatosbolivia_mhe_geoportal_geonode_caf_7_tunel_comb_f,4326,35.438070047272,17,10456,16838,True,True,True
mhe.geoportal,geonode:CAF_8_Tunel_RoR,CAF_8_Tunel_RoR,,2026-04-12,geodatosbolivia_mhe_geoportal_geonode_caf_8_tunel_ror,4326,47.21423375483602,147,79061,40305,True,True,True
mhe.geoportal,geonode:CARRASCO_BELGICA,CARRASCO_BELGICA,,2026-04-12,geodatosbolivia_mhe_geoportal_geonode_carrasco_belgica,4326,,359,99975,32167,True,False,True
mhe.geoportal,geonode:CARRASCO_BELGICA0,CARRASCO_BELGICA0,,2026-04-12,geodatosbolivia_mhe_geoportal_geonode_carrasco_belgica0,4326,,359,100334,32167,True,False,True
mhe.geoportal,geonode:CARRASCO_BELGICA1,CARRASCO_BELGICA1,,2026-04-12,geodatosbolivia_mhe_geoportal_geonode_carrasco_belgica1,4326,,359,100334,32167,True,False,True
mhe.geoportal,geonode:CARRASCO_WARNES,CARRASCO_WARNES,,2026-04-12,geodatosbolivia_mhe_geoportal_geonode_carrasco_warnes,4326,,359,99616,32167,True,False,True
mhe.geoportal,geonode:CARRASCO_WARNES0,CARRASCO_WARNES0,,2026-04-12,geodatosbolivia_mhe_geoportal_geonode_carrasco_warnes0,4326,,359,99975,32167,True,False,True
mhe.geoportal,geonode:CCTT_Grid_Exten,CCTT_Grid_Exten,,2026-04-12,geodatosbolivia_mhe_geoportal_geonode_cctt_grid_exten,4326,147.490901844391,8767,2163797,322923,True,True,True
mhe.geoportal,geonode:CCTT_minired,CCTT_minired,,2026-04-12,geodatosbolivia_mhe_geoportal_geonode_cctt_minired,4326,42.252724836212984,18,4391,10651,True,True,True
mhe.geoportal,geonode:CER_2017,CER_2017,,2026-04-12,geodatosbolivia_mhe_geoportal_geonode_cer_2017,4326,0.4250767723159973,1837,500450,97170,True,True,True
mhe.geoportal,geonode:Casa_maquinasSJ1,Casa_maquinasSJ1,,2026-04-12,geodatosbolivia_mhe_geoportal_geonode_casa_maquinassj1,4326,3.4199999991797244e-10,1,478,11107,True,True,True
mhe.geoportal,geonode:Centroide_Extencion,Centroide_Extencion,,2026-04-12,geodatosbolivia_mhe_geoportal_geonode_centroide_extencion,4326,147.46570265000003,7189,8015312,1100134,True,True,True
mhe.geoportal,geonode:Centroide_Microred1,Centroide_Microred1,,2026-04-12,geodatosbolivia_mhe_geoportal_geonode_centroide_microred1,4326,110.30962550999999,36,42274,49260,True,True,True
mhe.geoportal,geonode:Centroides_EXT_IDTR_PER_III,Centroides_EXT_IDTR_PER_III,,2026-04-12,geodatosbolivia_mhe_geoportal_geonode_centroides_ext_idtr_per_iii,4326,127.81169471999999,688,316049,72992,False,False,True
mhe.geoportal,geonode:Cober_Elec_2016_Munipal,Cober_Elec_2016_Munipal,,2026-04-12,geodatosbolivia_mhe_geoportal_geonode_cober_elec_2016_munipal,4326,161.36345300239006,484,24879553,14276142,True,True,True
mhe.geoportal,geonode:Cobertura_elec_2012,Cobertura_elec_2012,,2026-04-12,geodatosbolivia_mhe_geoportal_geonode_cobertura_elec_2012,4326,161.36345300239006,484,25028757,14318675,True,True,True
mhe.geoportal,geonode:Cobertuta_Comuni_2012,Cobertuta_Comuni_2012,,2026-04-12,geodatosbolivia_mhe_geoportal_geonode_cobertuta_comuni_2012,4326,155.61306052930507,19279,9461114,1390390,True,True,True
mhe.geoportal,geonode:Comin_sol_240,Comin_sol_240,,2026-04-12,geodatosbolivia_mhe_geoportal_geonode_comin_sol_240,4326,99.773219206845,93,25856,15140,True,True,True
mhe.geoportal,geonode:Comunidades_Dpto_Tarija_2018,Comunidades_Dpto_Tarija_2018,,2026-04-12,geodatosbolivia_mhe_geoportal_geonode_comunidades_dpto_tarija_2018,4326,6.188739445565982,745,294517,54266,True,True,True
mhe.geoportal,geonode:Comunidades_Dpto_Tarija_20180,Comunidades_Dpto_Tarija_20180,,2026-04-12,geodatosbolivia_mhe_geoportal_geonode_comunidades_dpto_tarija_20180,4326,6.188739445565982,745,295262,54266,True,True,True
mhe.geoportal,geonode:Comunidades_Dpto_Tarija_20181,Comunidades_Dpto_Tarija_20181,,2026-04-12,geodatosbolivia_mhe_geoportal_geonode_comunidades_dpto_tarija_20181,4326,6.188739445565982,745,295262,54266,True,True,True
mhe.geoportal,geonode:Comunidades_Dpto_Tarija_20182,Comunidades_Dpto_Tarija_20182,,2026-04-12,geodatosbolivia_mhe_geoportal_geonode_comunidades_dpto_tarija_20182,4326,6.188739445565982,745,295262,54266,True,True,True
mhe.geoportal,geonode:Comunidades_Dpto_Tarija_2019,Comunidades_Dpto_Tarija_2019,,2026-04-12,geodatosbolivia_mhe_geoportal_geonode_comunidades_dpto_tarija_2019,4326,6.058835423231997,811,472896,75891,True,True,True
mhe.geoportal,geonode:Comunidades_Dpto_Tarija_20190,Comunidades_Dpto_Tarija_20190,,2026-04-12,geodatosbolivia_mhe_geoportal_geonode_comunidades_dpto_tarija_20190,4326,6.058835423231997,811,473707,75891,True,True,True
mhe.geoportal,geonode:Comunidades_Dpto_Tarija_20191,Comunidades_Dpto_Tarija_20191,,2026-04-12,geodatosbolivia_mhe_geoportal_geonode_comunidades_dpto_tarija_20191,4326,6.058835423231997,817,477848,77693,True,True,True
mhe.geoportal,geonode:Comunidades_Dpto_Tarija_20192,Comunidades_Dpto_Tarija_20192,,2026-04-12,geodatosbolivia_mhe_geoportal_geonode_comunidades_dpto_tarija_20192,4326,6.058835423231997,811,473707,75891,True,True,True
mhe.geoportal,geonode:Comunidades_Dpto_Tarija_20193,Comunidades_Dpto_Tarija_20193,,2026-04-12,geodatosbolivia_mhe_geoportal_geonode_comunidades_dpto_tarija_20193,4326,6.058835423231997,811,473707,75891,True,True,True
mhe.geoportal,geonode:Comunidades_Dpto_Tja,Comunidades_Dpto_Tja,,2026-04-12,geodatosbolivia_mhe_geoportal_geonode_comunidades_dpto_tja,4326,6.188739445565982,745,270553,52126,True,True,True
mhe.geoportal,geonode:Constr_Sin_redes_2020,Constr_Sin_redes_2020,,2026-04-12,geodatosbolivia_mhe_geoportal_geonode_constr_sin_redes_2020,4326,159.784766117284,105993,37326116,5143652,True,True,True
mhe.geoportal,geonode:Cuencas_de_Trabajo,Cuencas_de_Trabajo,,2026-04-12,geodatosbolivia_mhe_geoportal_geonode_cuencas_de_trabajo,4326,161.353729751652,17,23422739,13507081,True,True,True
mhe.geoportal,geonode:Datos_Jmmy,Datos_Jmmy,,2026-04-12,geodatosbolivia_mhe_geoportal_geonode_datos_jmmy,4326,0.3586641953999991,3,807,9373,True,True,True
mhe.geoportal,geonode:Datos_jimmy2,Datos_jimmy2,,2026-04-12,geodatosbolivia_mhe_geoportal_geonode_datos_jimmy2,4326,1013.1733661687088,5,1281,9945,True,True,True
mhe.geoportal,geonode:ENDE_Misicuni_Colca,ENDE_Misicuni_Colca,,2026-04-12,geodatosbolivia_mhe_geoportal_geonode_ende_misicuni_colca,4326,0.0036659134540010297,233,65984,23897,True,True,True
mhe.geoportal,geonode:Edicion_Comunidades_2017,Edicion_Comunidades_2017,,2026-04-12,geodatosbolivia_mhe_geoportal_geonode_edicion_comunidades_2017,4326,157.9676942129641,22395,8435835,1134726,True,True,True
mhe.geoportal,geonode:Edicion_comunidades_2018,Edicion_comunidades_2018,,2026-04-12,geodatosbolivia_mhe_geoportal_geonode_edicion_comunidades_2018,4326,157.9676942129641,22393,8705039,1155184,True,True,True
mhe.geoportal,geonode:Edicion_comunidades_2019,Edicion_comunidades_2019,,2026-04-12,geodatosbolivia_mhe_geoportal_geonode_edicion_comunidades_2019,4326,157.9676942129641,22393,8632734,1291989,True,True,True
mhe.geoportal,geonode:Elect_cna_2013,Elect_cna_2013,,2026-04-12,geodatosbolivia_mhe_geoportal_geonode_elect_cna_2013,4326,157.9676942129641,19201,9086720,1359924,True,True,True
mhe.geoportal,geonode:Ext_soli_24,Ext_soli_24,,2026-04-12,geodatosbolivia_mhe_geoportal_geonode_ext_soli_24,4326,48.59915783347202,20,998299,499254,True,True,True
mhe.geoportal,geonode:GUARACACHI_MT_2018,GUARACACHI_MT_2018,,2026-04-12,geodatosbolivia_mhe_geoportal_geonode_guaracachi_mt_2018,4326,0.5719179290630011,71,39919,26101,True,True,True
mhe.geoportal,geonode:Gen_Ais_2019,Gen_Ais_2019,,2026-04-12,geodatosbolivia_mhe_geoportal_geonode_gen_ais_2019,4326,134.35682842643007,51,12845,12238,True,True,True
mhe.geoportal,geonode:Gen_Ais_2020,Gen_Ais_2020,,2026-04-12,geodatosbolivia_mhe_geoportal_geonode_gen_ais_2020,4326,134.35682842643007,51,12858,12256,True,True,True
mhe.geoportal,geonode:Gen_Ais_2021,Gen_Ais_2021,,2026-04-12,geodatosbolivia_mhe_geoportal_geonode_gen_ais_2021,4326,134.35682842643007,50,13435,12313,True,True,True
mhe.geoportal,geonode:Gen_Ais_2022,Gen_Ais_2022,,2026-04-12,geodatosbolivia_mhe_geoportal_geonode_gen_ais_2022,4326,134.35682842643007,44,11834,12047,True,True,True
mhe.geoportal,geonode:Gen_Ais_2023,Gen_Ais_2023,,2026-04-12,geodatosbolivia_mhe_geoportal_geonode_gen_ais_2023,4326,129.2709032108401,48,13530,12886,True,True,True
mhe.geoportal,geonode:Gen_Ais_2025,Gen_Ais_2025,,2026-04-12,geodatosbolivia_mhe_geoportal_geonode_gen_ais_2025,4326,101.92682925368507,35,10234,13067,True,True,True
mhe.geoportal,geonode:Gen_Ais_2026,Gen_Ais_2026,,2026-04-12,geodatosbolivia_mhe_geoportal_geonode_gen_ais_2026,4326,101.92682925368507,35,10234,13067,True,True,True
mhe.geoportal,geonode:Generacion_Hidroelectrica_2018,Generacion_Hidroelectrica_2018,,2026-04-12,geodatosbolivia_mhe_geoportal_geonode_generacion_hidroelectrica_2018,4326,55.714991019192034,49,12504,12240,True,True,True
mhe.geoportal,geonode:Hogares_Extencion_Redes,Hogares_Extencion_Redes,,2026-04-12,geodatosbolivia_mhe_geoportal_geonode_hogares_extencion_redes,4326,147.53423808239992,165429,39750489,6514133,True,True,True
mhe.geoportal,geonode:INE_2001_cob,INE_2001_cob,,2026-04-12,geodatosbolivia_mhe_geoportal_geonode_ine_2001_cob,4326,161.36345300239006,484,24882243,14284021,True,True,True
mhe.geoportal,geonode:LINEAS_MT,LINEAS_MT,,2026-04-12,geodatosbolivia_mhe_geoportal_geonode_lineas_mt,4326,3.9814550483579945,31880,8545566,1360299,True,True,True
mhe.geoportal,geonode:LMTLSC,LMTLSC,,2026-04-12,geodatosbolivia_mhe_geoportal_geonode_lmtlsc,4326,1.8257394434079994,122,119292,78689,True,True,True
mhe.geoportal,geonode:LMTLipezIISV,LMTLipezIISV,,2026-04-12,geodatosbolivia_mhe_geoportal_geonode_lmtlipeziisv,4326,1.3105547752000064,1246,443073,85466,True,True,True
mhe.geoportal,geonode:LMTPunutuma,LMTPunutuma,,2026-04-12,geodatosbolivia_mhe_geoportal_geonode_lmtpunutuma,4326,0.5656393968209941,289,156263,79316,True,True,True
mhe.geoportal,geonode:LMT_SistemaVillazon_2019,LMT_SistemaVillazon_2019,,2026-04-12,geodatosbolivia_mhe_geoportal_geonode_lmt_sistemavillazon_2019,4326,0.4718062445999967,350,172441,75445,True,True,True
mhe.geoportal,geonode:LMT_SistemaVillazon_20190,LMT_SistemaVillazon_20190,,2026-04-12,geodatosbolivia_mhe_geoportal_geonode_lmt_sistemavillazon_20190,4326,0.4718062445999967,350,172791,75445,True,True,True
mhe.geoportal,geonode:LMT_Sistema_Urbano_2019,LMT_Sistema_Urbano_2019,,2026-04-12,geodatosbolivia_mhe_geoportal_geonode_lmt_sistema_urbano_2019,4326,0.4973169427260076,2320,871816,230280,True,True,True
mhe.geoportal,geonode:LMT_SistemasRurales_2019,LMT_SistemasRurales_2019,,2026-04-12,geodatosbolivia_mhe_geoportal_geonode_lmt_sistemasrurales_2019,4326,17.227221698903953,39567,12609672,1868659,True,True,True
mhe.geoportal,geonode:LMT_Urbano,LMT_Urbano,,2026-04-12,geodatosbolivia_mhe_geoportal_geonode_lmt_urbano,4326,0.11512803814800229,1739,630045,165739,True,True,True
mhe.geoportal,geonode:LMT_VILLAZON,LMT_VILLAZON,,2026-04-12,geodatosbolivia_mhe_geoportal_geonode_lmt_villazon,4326,0.03759484134999887,120,50813,28475,True,True,True
mhe.geoportal,geonode:LMT_Yocalla,LMT_Yocalla,,2026-04-12,geodatosbolivia_mhe_geoportal_geonode_lmt_yocalla,4326,0.28757251372799675,56,116954,75206,True,True,True
mhe.geoportal,geonode:Lin_constr_2017,Lin_constr_2017,,2026-04-12,geodatosbolivia_mhe_geoportal_geonode_lin_constr_2017,4326,35.19971999122498,11,18746,23842,True,True,True
mhe.geoportal,geonode:Line_AT,Line_AT,,2026-04-12,geodatosbolivia_mhe_geoportal_geonode_line_at,4326,2.651833934388009,1985,1890167,232137,True,True,True
mhe.geoportal,geonode:Line_MT,Line_MT,,2026-04-12,geodatosbolivia_mhe_geoportal_geonode_line_mt,4326,9.388657040094017,43978,48855632,4842759,True,True,True
mhe.geoportal,geonode:LineaAT_2,LineaAT_2,,2026-04-12,geodatosbolivia_mhe_geoportal_geonode_lineaat_2,4326,0.04162946182399861,188,167711,38155,True,True,True
mhe.geoportal,geonode:LineaCotagaita,LineaCotagaita,,2026-04-12,geodatosbolivia_mhe_geoportal_geonode_lineacotagaita,4326,0.728188329830003,3025,787826,124607,True,True,True
mhe.geoportal,geonode:LineaDonDiego,LineaDonDiego,,2026-04-12,geodatosbolivia_mhe_geoportal_geonode_lineadondiego,4326,1.6664797064079993,11612,3129745,436193,True,True,True
mhe.geoportal,geonode:LineaKilpani,LineaKilpani,,2026-04-12,geodatosbolivia_mhe_geoportal_geonode_lineakilpani,4326,1.2363066779669956,3978,1057413,180886,True,True,True
mhe.geoportal,geonode:LineaPorco,LineaPorco,,2026-04-12,geodatosbolivia_mhe_geoportal_geonode_lineaporco,4326,0.07432956359999857,162,70276,39737,True,True,True
mhe.geoportal,geonode:Linea_Quetena,Linea_Quetena,,2026-04-12,geodatosbolivia_mhe_geoportal_geonode_linea_quetena,4326,0.024098708816000788,1,1229,12233,True,True,True
mhe.geoportal,geonode:Linea_Tupiza,Linea_Tupiza,,2026-04-12,geodatosbolivia_mhe_geoportal_geonode_linea_tupiza,4326,1.01273776145,4208,1076213,172062,True,True,True
mhe.geoportal,geonode:LineasChuquisaca,LineasChuquisaca,,2026-04-12,geodatosbolivia_mhe_geoportal_geonode_lineaschuquisaca,4326,1.7308712732159977,14666,12543388,3287003,True,True,True
mhe.geoportal,geonode:Lineas_mt_ELFEC_2022,Lineas_mt_ELFEC_2022,,2026-04-12,geodatosbolivia_mhe_geoportal_geonode_lineas_mt_elfec_2022,4326,5.783287232933993,132317,31087558,5641714,True,True,True
mhe.geoportal,geonode:MT0,MT0,,2026-04-12,geodatosbolivia_mhe_geoportal_geonode_mt0,32719,9.529873704209997,24088,30837892,3288516,True,True,True
mhe.geoportal,geonode:MT_Camargo_2016,MT_Camargo_2016,,2026-04-12,geodatosbolivia_mhe_geoportal_geonode_mt_camargo_2016,4326,1990.8825951720596,10497,5563443,1326222,True,True,True
mhe.geoportal,geonode:MT_EXT_IDTR_PER_III,MT_EXT_IDTR_PER_III,,2026-04-12,geodatosbolivia_mhe_geoportal_geonode_mt_ext_idtr_per_iii,4326,128.609514144327,1806,1390023,493497,True,True,True
mhe.geoportal,geonode:MT_Minired,MT_Minired,,2026-04-12,geodatosbolivia_mhe_geoportal_geonode_mt_minired,4326,42.252724836212984,18,11360,16482,True,True,True
mhe.geoportal,geonode:MV_Grid_Exten,MV_Grid_Exten,,2026-04-12,geodatosbolivia_mhe_geoportal_geonode_mv_grid_exten,4326,147.56267004507197,8767,5393194,1929958,True,True,True
mhe.geoportal,geonode:MediaTen_2017,MediaTen_2017,,2026-04-12,geodatosbolivia_mhe_geoportal_geonode_mediaten_2017,4326,146.06953832898898,77397,58744256,20520543,True,True,True
mhe.geoportal,geonode:MediaTen_2019,MediaTen_2019,,2026-04-12,geodatosbolivia_mhe_geoportal_geonode_mediaten_2019,4326,146.78001192095985,515,39200192,19680212,True,True,True
mhe.geoportal,geonode:Media_Ten_2021,Media_Ten_2021,,2026-04-12,geodatosbolivia_mhe_geoportal_geonode_media_ten_2021,4326,146.92331704518,133,44525499,22317782,True,True,True
mhe.geoportal,geonode:Media_Ten_20220,Media_Ten_20220,,2026-04-12,geodatosbolivia_mhe_geoportal_geonode_media_ten_20220,4326,146.95289082526006,242,42976159,21945729,True,True,True
mhe.geoportal,geonode:Media_Ten_2023,Media_Ten_2023,,2026-04-12,geodatosbolivia_mhe_geoportal_geonode_media_ten_2023,4326,146.95289082526006,653,44273596,22679087,True,True,True
mhe.geoportal,geonode:Media_Ten_20250,Media_Ten_20250,,2026-04-12,geodatosbolivia_mhe_geoportal_geonode_media_ten_20250,4326,146.95964140648906,341,84858794,37866217,True,False,True
mhe.geoportal,geonode:Microred_Generacion0,Microred_Generacion0,,2026-04-12,geodatosbolivia_mhe_geoportal_geonode_microred_generacion0,4326,110.31109434510296,36,8487,10779,True,True,True
mhe.geoportal,geonode:MunicipiosPEVD,MunicipiosPEVD,,2026-04-12,geodatosbolivia_mhe_geoportal_geonode_municipiospevd,4326,143.49941389837207,88,6621738,3815898,True,True,True
mhe.geoportal,geonode:Municipios_beni,Municipios_beni,,2026-04-12,geodatosbolivia_mhe_geoportal_geonode_municipios_beni,4326,37.15746996628105,19,2080749,1213641,True,True,True
mhe.geoportal,geonode:MunsAFEM,MunsAFEM,,2026-04-12,geodatosbolivia_mhe_geoportal_geonode_munsafem,4326,12.13992840257402,14,822783,486988,True,True,True
mhe.geoportal,geonode:PEDIDOS_SFV,PEDIDOS_SFV,,2026-04-12,geodatosbolivia_mhe_geoportal_geonode_pedidos_sfv,4326,,5707,2293755,337596,True,False,True
mhe.geoportal,geonode:PEDIDOS_SFV0,PEDIDOS_SFV0,,2026-04-12,geodatosbolivia_mhe_geoportal_geonode_pedidos_sfv0,4326,,5707,2191029,337444,True,False,True
mhe.geoportal,geonode:PEDIDOS_SFV1,PEDIDOS_SFV1,,2026-04-12,geodatosbolivia_mhe_geoportal_geonode_pedidos_sfv1,4326,,5707,2168201,337362,True,False,True
mhe.geoportal,geonode:Pedidossfv,Pedidossfv,,2026-04-12,geodatosbolivia_mhe_geoportal_geonode_pedidossfv,4326,18.54996024420006,5683,2225150,368791,True,True,True
mhe.geoportal,geonode:PostesAT_2,PostesAT_2,,2026-04-12,geodatosbolivia_mhe_geoportal_geonode_postesat_2,4326,0.04129882268700118,189,62061,19033,True,True,True
mhe.geoportal,geonode:Poten_hidrico,Poten_hidrico,,2026-04-12,geodatosbolivia_mhe_geoportal_geonode_poten_hidrico,4326,161.00082657895595,5,113949,85418,True,True,True
mhe.geoportal,geonode:Potencial_biomasa,Potencial_biomasa,,2026-04-12,geodatosbolivia_mhe_geoportal_geonode_potencial_biomasa,4326,161.00082657895595,11,98381,74308,True,True,True
mhe.geoportal,geonode:Proy_Gen_2021,Proy_Gen_2021,,2026-04-12,geodatosbolivia_mhe_geoportal_geonode_proy_gen_2021,4326,28.351943317775984,10,2575,10509,True,True,True
mhe.geoportal,geonode:Proyectos_Estudio,Proyectos_Estudio,,2026-04-12,geodatosbolivia_mhe_geoportal_geonode_proyectos_estudio,4326,9.058917240449988,6,3006,13487,True,True,True
mhe.geoportal,geonode:Proyectos_Trans_2020,Proyectos_Trans_2020,,2026-04-12,geodatosbolivia_mhe_geoportal_geonode_proyectos_trans_2020,4326,19.251999820398,8,11992,18938,True,True,True
mhe.geoportal,geonode:Proyectos_ejecucion,Proyectos_ejecucion,,2026-04-12,geodatosbolivia_mhe_geoportal_geonode_proyectos_ejecucion,4326,26.32603232196003,7,3809,14193,True,True,True
mhe.geoportal,geonode:PuntosChuquisaca,PuntosChuquisaca,,2026-04-12,geodatosbolivia_mhe_geoportal_geonode_puntoschuquisaca,4326,1.7214478579200043,5890,2588904,223613,True,True,True
mhe.geoportal,geonode:Puntos_PH_COMB_10_opt_10_F,Puntos_PH_COMB_10_opt_10_F,,2026-04-12,geodatosbolivia_mhe_geoportal_geonode_puntos_ph_comb_10_opt_10_f,4326,4.000000000123464e-08,1,770,19502,True,True,True
mhe.geoportal,geonode:Puntos_PH_DAM_10_opt_10,Puntos_PH_DAM_10_opt_10,,2026-04-12,geodatosbolivia_mhe_geoportal_geonode_puntos_ph_dam_10_opt_10,4326,21.65598675860998,3,1877,19878,True,True,True
mhe.geoportal,geonode:Puntos_PH_RoR_10_opt_10,Puntos_PH_RoR_10_opt_10,,2026-04-12,geodatosbolivia_mhe_geoportal_geonode_puntos_ph_ror_10_opt_10,4326,22.39191205820794,6,3586,20220,True,True,True
mhe.geoportal,geonode:Puntos_intake_COMB_10_opt_10_F,Puntos_intake_COMB_10_opt_10_F,,2026-04-12,geodatosbolivia_mhe_geoportal_geonode_puntos_intake_comb_10_opt_10_f,4326,3.999999999839247e-08,1,711,17071,True,True,True
mhe.geoportal,geonode:Puntos_intake_RoR_10_opt_10,Puntos_intake_RoR_10_opt_10,,2026-04-12,geodatosbolivia_mhe_geoportal_geonode_puntos_intake_ror_10_opt_10,4326,21.523083210496026,6,3206,17653,True,True,True
mhe.geoportal,geonode:RED_MT,RED_MT,,2026-04-12,geodatosbolivia_mhe_geoportal_geonode_red_mt,4326,9.461423621130033,52729,63347792,3891074,True,True,True
mhe.geoportal,geonode:Red_MT_DELAPAZ,Red_MT_DELAPAZ,,2026-04-12,geodatosbolivia_mhe_geoportal_geonode_red_mt_delapaz,4326,11.599904005788025,150670,43212124,6706093,True,True,True
mhe.geoportal,geonode:SETAR_DPTAL_2017,SETAR_DPTAL_2017,,2026-04-12,geodatosbolivia_mhe_geoportal_geonode_setar_dptal_2017,4326,6.374317140000006,27234,12175380,1330786,True,True,True
mhe.geoportal,geonode:SETAR_DPTAL_DIC_2018,SETAR_DPTAL_DIC_2018,,2026-04-12,geodatosbolivia_mhe_geoportal_geonode_setar_dptal_dic_2018,4326,6.374317140000006,27741,12532548,1372846,True,True,True
mhe.geoportal,geonode:SETAR_DPTAL_DIC_2019,SETAR_DPTAL_DIC_2019,,2026-04-12,geodatosbolivia_mhe_geoportal_geonode_setar_dptal_dic_2019,4326,6.374317140000006,29095,13301418,1565771,True,True,True
mhe.geoportal,geonode:SUBESTACION,SUBESTACION,,2026-04-12,geodatosbolivia_mhe_geoportal_geonode_subestacion,4326,10.245982724280017,26,5786,10229,True,True,True
mhe.geoportal,geonode:Seguimiento_PER_II_2021_Geo,Seguimiento_PER_II_2021_Geo,,2026-04-12,geodatosbolivia_mhe_geoportal_geonode_seguimiento_per_ii_2021_geo,4326,2674.5409716282597,31,2518055,1183382,True,False,True
mhe.geoportal,geonode:Sist_Ais_2017,Sist_Ais_2017,,2026-04-12,geodatosbolivia_mhe_geoportal_geonode_sist_ais_2017,4326,134.26584176464604,38,9342,10969,True,True,True
mhe.geoportal,geonode:Sist_lapaz,Sist_lapaz,,2026-04-12,geodatosbolivia_mhe_geoportal_geonode_sist_lapaz,4326,6.933869283739995,71,266681,145032,True,True,True
mhe.geoportal,geonode:Sist_lapaz0,Sist_lapaz,,2026-04-12,geodatosbolivia_mhe_geoportal_geonode_sist_lapaz0,4326,6.933869283739995,71,266752,145032,True,True,True
mhe.geoportal,geonode:Sist_lapaz1,Sist_lapaz,,2026-04-12,geodatosbolivia_mhe_geoportal_geonode_sist_lapaz1,4326,6.933869283739995,71,266752,145032,True,True,True
mhe.geoportal,geonode:SistemaChayanta,SistemaChayanta,,2026-04-12,geodatosbolivia_mhe_geoportal_geonode_sistemachayanta,4326,0.05423861899999862,854,212904,34062,True,True,True
mhe.geoportal,geonode:SistemaLLicaTahua,SistemaLLicaTahua,,2026-04-12,geodatosbolivia_mhe_geoportal_geonode_sistemallicatahua,4326,0.6104921132439989,1,91196,60340,True,True,True
mhe.geoportal,geonode:SistemaOcuri,SistemaOcuri,,2026-04-12,geodatosbolivia_mhe_geoportal_geonode_sistemaocuri,4326,0.6031863144359987,14653,3796683,589952,True,True,True
mhe.geoportal,geonode:SistemaSacaca,SistemaSacaca,,2026-04-12,geodatosbolivia_mhe_geoportal_geonode_sistemasacaca,4326,0.6631373751390022,5945,1540093,218494,True,True,True
mhe.geoportal,geonode:SistemaTorotoro,SistemaTorotoro,,2026-04-12,geodatosbolivia_mhe_geoportal_geonode_sistematorotoro,4326,0.13068987610800095,2477,615116,66515,True,True,True
mhe.geoportal,geonode:Sistemas_SFV,Sistemas_SFV,,2026-04-12,geodatosbolivia_mhe_geoportal_geonode_sistemas_sfv,4326,158.54713835999996,114478,30308349,3842467,True,True,True
mhe.geoportal,geonode:Sistemas_gas_oil_2014,Sistemas_gas_oil_2014,,2026-04-12,geodatosbolivia_mhe_geoportal_geonode_sistemas_gas_oil_2014,4326,47.36334634617601,14,4271,12071,True,True,True
mhe.geoportal,geonode:SolitudesSFV_15,SolitudesSFV_15,,2026-04-12,geodatosbolivia_mhe_geoportal_geonode_solitudessfv_15,32719,75.8875283430479,458,133212,34525,True,True,True
mhe.geoportal,geonode:Subestaciones,Subestaciones,,2026-04-12,geodatosbolivia_mhe_geoportal_geonode_subestaciones,4326,0.5117291673389979,10,5676,19873,True,True,True
mhe.geoportal,geonode:Subestaciones_SIN_2018,Subestaciones_SIN_2018,,2026-04-12,geodatosbolivia_mhe_geoportal_geonode_subestaciones_sin_2018,4326,52.567528326431955,241,62891,20309,True,True,True
mhe.geoportal,geonode:Subestaciones_SIN_AGO_20230,Subestaciones_SIN_AGO_20230,,2026-04-12,geodatosbolivia_mhe_geoportal_geonode_subestaciones_sin_ago_20230,4326,58.37004664902494,226,60061,20770,True,True,True
mhe.geoportal,geonode:Subestaciones_SIN_Dic_2022,Subestaciones_SIN_Dic_2022,,2026-04-12,geodatosbolivia_mhe_geoportal_geonode_subestaciones_sin_dic_2022,4326,58.37004664902494,226,59799,20750,True,True,True
mhe.geoportal,geonode:Subestaciones_SIN_Dic_20220,Subestaciones_SIN_Dic_20220,,2026-04-12,geodatosbolivia_mhe_geoportal_geonode_subestaciones_sin_dic_20220,4326,58.37004664902494,226,60025,20750,True,True,True
mhe.geoportal,geonode:Subestaciones_SIN_Feb_2019,Subestaciones_SIN_Feb_2019,,2026-04-12,geodatosbolivia_mhe_geoportal_geonode_subestaciones_sin_feb_2019,4326,53.184951056543945,246,65314,20677,True,True,True
mhe.geoportal,geonode:Subestaciones_SIN_Feb_2020,Subestaciones_SIN_Feb_2020,,2026-04-12,geodatosbolivia_mhe_geoportal_geonode_subestaciones_sin_feb_2020,4326,53.184951056543945,208,54934,19833,True,True,True
mhe.geoportal,geonode:Subestaciones_SIN_MAR_20260,Subestaciones_SIN_MAR_20260,,2026-04-12,geodatosbolivia_mhe_geoportal_geonode_subestaciones_sin_mar_20260,4326,54.50660391536495,230,61053,20863,True,True,True
mhe.geoportal,geonode:Subestaciones_SIN_Mar_2022,Subestaciones_SIN_Mar_2022,,2026-04-12,geodatosbolivia_mhe_geoportal_geonode_subestaciones_sin_mar_2022,4326,54.20324760833993,223,59025,20583,True,True,True
mhe.geoportal,geonode:Subestaciones_SIN_May_2021,Subestaciones_SIN_May_2021,,2026-04-12,geodatosbolivia_mhe_geoportal_geonode_subestaciones_sin_may_2021,4326,54.20324760833993,214,56507,20152,True,True,True
mhe.geoportal,geonode:TRANSFORMADORES,TRANSFORMADORES,,2026-04-12,geodatosbolivia_mhe_geoportal_geonode_transformadores,4326,3.977973861375995,2903,1352949,179762,True,True,False
mhe.geoportal,geonode:TRANSFORMADORES0,TRANSFORMADORES0,,2026-04-12,geodatosbolivia_mhe_geoportal_geonode_transformadores0,4326,3.977973861375995,2903,1355852,179762,True,True,False
mhe.geoportal,geonode:TRANSFORMADORES1,TRANSFORMADORES1,,2026-04-12,geodatosbolivia_mhe_geoportal_geonode_transformadores1,4326,3.977973861375995,2903,1355852,179762,True,True,True
mhe.geoportal,geonode:TRANSFORMADORES2,TRANSFORMADORES2,,2026-04-12,geodatosbolivia_mhe_geoportal_geonode_transformadores2,4326,9.47552119059003,3418,4111299,283422,True,True,True
mhe.geoportal,geonode:Test_hogares,Test_hogares,,2026-04-12,geodatosbolivia_mhe_geoportal_geonode_test_hogares,4326,19.541669979780007,3,811,9417,True,True,True
mhe.geoportal,geonode:Trafos_DOn_Diego,Trafos_DOn_Diego,,2026-04-12,geodatosbolivia_mhe_geoportal_geonode_trafos_don_diego,4326,1.535115307555011,420,78216,17928,True,True,True
mhe.geoportal,geonode:Tranformadores,Tranformadores,,2026-04-12,geodatosbolivia_mhe_geoportal_geonode_tranformadores,4326,9.410495376112003,2951,3192539,334701,True,True,True
mhe.geoportal,geonode:Trans_2021,Trans_2021,,2026-04-12,geodatosbolivia_mhe_geoportal_geonode_trans_2021,4326,,80935,16369291,2449445,True,False,True
mhe.geoportal,geonode:Trans_20210,Trans_2021,,2026-04-12,geodatosbolivia_mhe_geoportal_geonode_trans_20210,4326,,80935,16450226,2449445,True,False,True
mhe.geoportal,geonode:Trans_2021_2,Trans_2021_2,,2026-04-12,geodatosbolivia_mhe_geoportal_geonode_trans_2021_2,4326,,80935,16531161,2449445,True,False,True
mhe.geoportal,geonode:Trans_Mar_2020,Trans_Mar_2020,,2026-04-12,geodatosbolivia_mhe_geoportal_geonode_trans_mar_2020,4326,54.211900470639925,281,935177,464520,True,True,True
mhe.geoportal,geonode:Trans_Mar_20200,Trans_Mar_20200,,2026-04-12,geodatosbolivia_mhe_geoportal_geonode_trans_mar_20200,4326,54.211900470639925,281,935458,464520,True,True,True
mhe.geoportal,geonode:Transformadores_SistemaRural_2019,Transformadores_SistemaRural_2019,,2026-04-12,geodatosbolivia_mhe_geoportal_geonode_transformadores_sistemarural_2019,4326,64800.0,2931,749219,80055,True,False,True
mhe.geoportal,geonode:Transformadores_SistemaVillazon_2019,Transformadores_SistemaVillazon_2019,,2026-04-12,geodatosbolivia_mhe_geoportal_geonode_transformadores_sistemavillazon_2019,4326,0.4688739876640003,225,61023,18173,True,True,True
mhe.geoportal,geonode:Transformadores_Sistema_Urbano_2019,Transformadores_Sistema_Urbano_2019,,2026-04-12,geodatosbolivia_mhe_geoportal_geonode_transformadores_sistema_urbano_2019,4326,0.4949031744280045,1421,350252,44787,True,True,True
mhe.geoportal,geonode:Trazoline1,Trazoline1,,2026-04-12,geodatosbolivia_mhe_geoportal_geonode_trazoline1,4326,0.00017404924799997685,2,764,8800,True,True,True
mhe.geoportal,geonode:Tunel_COMB_10_opt_10_F,Tunel_COMB_10_opt_10_F,,2026-04-12,geodatosbolivia_mhe_geoportal_geonode_tunel_comb_10_opt_10_f,4326,0.00039203422500008614,1,581,12488,True,True,True
mhe.geoportal,geonode:Tunel_RoR_10_opt_10,Tunel_RoR_10_opt_10,,2026-04-12,geodatosbolivia_mhe_geoportal_geonode_tunel_ror_10_opt_10,4326,22.854643309343974,6,2435,12968,True,True,True
mhe.geoportal,geonode:UEPS2,UEPS2,,2026-04-12,geodatosbolivia_mhe_geoportal_geonode_ueps2,4326,0.558532101600001,33,13139,17728,True,True,True
mhe.geoportal,geonode:UH_Nivel1_Potencial,UH_Nivel1_Potencial,,2026-04-12,geodatosbolivia_mhe_geoportal_geonode_uh_nivel1_potencial,4326,161.353729751652,4,8347304,4822983,True,True,True
mhe.geoportal,geonode:USUARIOS,USUARIOS,,2026-04-12,geodatosbolivia_mhe_geoportal_geonode_usuarios,4326,4.003841553250003,108085,36578669,5444931,True,True,True
mhe.geoportal,geonode:UYUNI_SOLAR,UYUNI_SOLAR,,2026-04-12,geodatosbolivia_mhe_geoportal_geonode_uyuni_solar,4326,0.00032766240000011245,13,4488,14195,True,True,True
mhe.geoportal,geonode:Urbano,Urbano,,2026-04-12,geodatosbolivia_mhe_geoportal_geonode_urbano,4326,0.11512803814800229,1602,508276,152238,True,True,True
mhe.geoportal,geonode:VALLEHERMOSO_IRPAIRPA,VALLEHERMOSO_IRPAIRPA,,2026-04-12,geodatosbolivia_mhe_geoportal_geonode_vallehermoso_irpairpa,4326,0.0558171088139988,129,34126,19470,True,True,True
mhe.geoportal,geonode:WARNES_BELGICA,WARNES_BELGICA,,2026-04-12,geodatosbolivia_mhe_geoportal_geonode_warnes_belgica,4326,0.006006440483999661,69,24472,20012,True,True,True
mhe.geoportal,geonode:WARNES_BRECHAS,WARNES_BRECHAS,,2026-04-12,geodatosbolivia_mhe_geoportal_geonode_warnes_brechas,4326,0.20163037128000197,284,98400,35748,True,True,True
mhe.geoportal,geonode:WARNES_GUARACACHI,WARNES_GUARACACHI,,2026-04-12,geodatosbolivia_mhe_geoportal_geonode_warnes_guaracachi,4326,0.03354716332000073,106,31406,19449,True,True,True
mhe.geoportal,geonode:WARNES_LABELGICA,WARNES_LABELGICA,,2026-04-12,geodatosbolivia_mhe_geoportal_geonode_warnes_labelgica,4326,0.006458554879999882,71,20649,15907,True,True,True
mhe.geoportal,geonode:_1_Nivel_Poligo,_1_Nivel_Poligo,,2026-04-12,geodatosbolivia_mhe_geoportal_geonode_1_nivel_poligo,4326,0.054053460297000346,123,74916,29494,True,True,True
mhe.geoportal,geonode:_1_Nivel_Publico,_1_Nivel_Publico,,2026-04-12,geodatosbolivia_mhe_geoportal_geonode_1_nivel_publico,4326,0.044681266008998584,136,54622,23564,True,True,True
mhe.geoportal,geonode:_339_Municipios_WGS_84,_339_Municipios_WGS_84,,2026-04-12,geodatosbolivia_mhe_geoportal_geonode_339_municipios_wgs_84,4326,161.36345300239006,344,27143365,15586931,True,True,True
mhe.geoportal,geonode:a__00_EP_LP_Anual,a__00_EP_LP_Anual,,2026-04-12,geodatosbolivia_mhe_geoportal_geonode_a_00_ep_lp_anual,32719,0.0021961896320001027,13729,10879368,2825154,True,True,True
mhe.geoportal,geonode:a__01_Comunidad_Solicitante_SFV_20250,a__01_Comunidad_Solicitante_SFV_20250,,2026-04-12,geodatosbolivia_mhe_geoportal_geonode_a_01_comunidad_solicitante_sfv_20250,4326,31.90425295824001,27,8299,12023,True,True,True
mhe.geoportal,geonode:a__01_extension_red_solicitada_2025,a__01_extension_red_solicitada_2025,,2026-04-12,geodatosbolivia_mhe_geoportal_geonode_a_01_extension_red_solicitada_2025,4326,99.15615094329608,55,31905639,7823886,True,True,True
mhe.geoportal,geonode:a__02_Lin_eje,a__02_Lin_eje,,2026-04-12,geodatosbolivia_mhe_geoportal_geonode_a_02_lin_eje,4326,31.966477165392025,5,7318,18675,True,True,True
mhe.geoportal,geonode:a__02_SFV_Individuales_2025_simpl0,a__02_SFV_Individuales_2025_simpl0,,2026-04-12,geodatosbolivia_mhe_geoportal_geonode_a_02_sfv_individuales_2025_simpl0,4326,104.08750321063496,1073,327177,54515,True,True,True
mhe.geoportal,geonode:altatension,altatension,,2026-04-12,geodatosbolivia_mhe_geoportal_geonode_altatension,4326,0.8946988177679945,234,136124,67988,True,True,False
mhe.geoportal,geonode:altatension0,altatension0,,2026-04-12,geodatosbolivia_mhe_geoportal_geonode_altatension0,4326,0.8946988177679945,234,136358,67988,True,True,True
mhe.geoportal,geonode:aopl_test,Actividad Obra Proyecto,,2026-04-12,geodatosbolivia_mhe_geoportal_geonode_aopl_test,4326,64800.0,1,411,8883,True,False,True
mhe.geoportal,geonode:areas_operacion_empresas,areas_operacion_empresas,,2026-04-12,geodatosbolivia_mhe_geoportal_geonode_areas_operacion_empresas,4326,146.37008417132992,240,7030808,4019250,True,True,True
mhe.geoportal,geonode:beni_acometidas,beni_acometidas,,2026-04-12,geodatosbolivia_mhe_geoportal_geonode_beni_acometidas,4326,18.012834967175984,48787,15234644,2376801,True,True,True
mhe.geoportal,geonode:beni_acometidas0,beni_acometidas0,,2026-04-12,geodatosbolivia_mhe_geoportal_geonode_beni_acometidas0,4326,16.921064278157978,52369,15523157,2249853,True,True,True
mhe.geoportal,geonode:beni_barrios,beni_barrios,,2026-04-12,geodatosbolivia_mhe_geoportal_geonode_beni_barrios,4326,3.747337374797005,162,107980,45368,True,True,True
mhe.geoportal,geonode:beni_distritos,beni_distritos,,2026-04-12,geodatosbolivia_mhe_geoportal_geonode_beni_distritos,4326,0.13625383073099925,12,18585,25589,True,True,True
mhe.geoportal,geonode:beni_lineaBT,beni_lineaBT,,2026-04-12,geodatosbolivia_mhe_geoportal_geonode_beni_lineabt,4326,19.803608460178992,33088,11811065,1345179,True,True,False
mhe.geoportal,geonode:beni_lineaMT,beni_lineaMT,,2026-04-12,geodatosbolivia_mhe_geoportal_geonode_beni_lineamt,4326,19.116336258543992,19786,7395842,807130,True,True,True
mhe.geoportal,geonode:beni_lineamt,beni_lineamt,,2026-04-12,geodatosbolivia_mhe_geoportal_geonode_beni_lineamt,4326,18.869710845743974,18148,7292466,859556,True,True,True
mhe.geoportal,geonode:beni_localidades,beni_localidades,,2026-04-12,geodatosbolivia_mhe_geoportal_geonode_beni_localidades,4326,21.928238024850003,214,73562,23549,True,True,True
mhe.geoportal,geonode:beni_medidor,beni_medidor,,2026-04-12,geodatosbolivia_mhe_geoportal_geonode_beni_medidor,4326,16.920094191286015,52841,31860969,5199193,True,True,True
mhe.geoportal,geonode:beni_medidores,beni_medidores,,2026-04-12,geodatosbolivia_mhe_geoportal_geonode_beni_medidores,4326,16.920094191286015,49176,31869170,5740111,True,True,True
mhe.geoportal,geonode:beni_postes,beni_postes,,2026-04-12,geodatosbolivia_mhe_geoportal_geonode_beni_postes,4326,19.553962946856,45032,15436724,2585137,True,True,True
mhe.geoportal,geonode:beni_postes0,beni_postes0,,2026-04-12,geodatosbolivia_mhe_geoportal_geonode_beni_postes0,4326,19.803608460178992,48047,13823816,1529807,True,True,True
mhe.geoportal,geonode:beni_proteccion,beni_proteccion,,2026-04-12,geodatosbolivia_mhe_geoportal_geonode_beni_proteccion,4326,19.04168845907997,684,215643,39666,True,True,True
mhe.geoportal,geonode:beni_protecciones,beni_protecciones,,2026-04-12,geodatosbolivia_mhe_geoportal_geonode_beni_protecciones,4326,18.796471003463992,638,234390,53485,True,True,True
mhe.geoportal,geonode:beni_residenciales,beni_residenciales,,2026-04-12,geodatosbolivia_mhe_geoportal_geonode_beni_residenciales,4326,11.53451306861401,40709,20704732,3390355,True,True,True
mhe.geoportal,geonode:beni_trafos,beni_trafos,,2026-04-12,geodatosbolivia_mhe_geoportal_geonode_beni_trafos,4326,18.865550376912008,1444,764482,138957,True,True,True
mhe.geoportal,geonode:beni_transformadores,beni_transformadores,,2026-04-12,geodatosbolivia_mhe_geoportal_geonode_beni_transformadores,4326,19.112126141311983,1516,653243,83444,True,True,True
mhe.geoportal,geonode:caihuasimod,caihuasimod,,2026-04-12,geodatosbolivia_mhe_geoportal_geonode_caihuasimod,4326,0.07652017730999836,106,28255,17313,True,True,True
mhe.geoportal,geonode:caihuasimod0,caihuasimod0,,2026-04-12,geodatosbolivia_mhe_geoportal_geonode_caihuasimod0,4326,0.07652017730999836,106,28361,17313,True,True,True
mhe.geoportal,geonode:eolico,eolico,,2026-04-12,geodatosbolivia_mhe_geoportal_geonode_eolico,4326,161.36345300239006,61,1977725,1145493,True,True,True
mhe.geoportal,geonode:gen_sin_20170428,gen_sin_20170428,,2026-04-12,geodatosbolivia_mhe_geoportal_geonode_gen_sin_20170428,4326,37.08744400698401,42,13882,15180,True,True,True
mhe.geoportal,geonode:gen_sin_20171103_2,gen_sin_20171103_2,,2026-04-12,geodatosbolivia_mhe_geoportal_geonode_gen_sin_20171103_2,4326,37.79950135362802,45,13845,14514,True,True,True
mhe.geoportal,geonode:gen_sin_20180416,gen_sin_20180416,,2026-04-12,geodatosbolivia_mhe_geoportal_geonode_gen_sin_20180416,4326,40.790503327140016,52,14794,14190,True,True,True
mhe.geoportal,geonode:gen_sin_20190416,gen_sin_20190416,,2026-04-12,geodatosbolivia_mhe_geoportal_geonode_gen_sin_20190416,4326,40.790503327140016,53,15332,14330,True,True,True
mhe.geoportal,geonode:gen_sin_20200212,gen_sin_20200212,,2026-04-12,geodatosbolivia_mhe_geoportal_geonode_gen_sin_20200212,4326,40.77241929702004,54,15683,14427,True,True,True
mhe.geoportal,geonode:gen_sin_20210303,gen_sin_20210303,,2026-04-12,geodatosbolivia_mhe_geoportal_geonode_gen_sin_20210303,4326,40.77241929702004,53,15396,14390,True,True,True
mhe.geoportal,geonode:gen_sin_202105055,gen_sin_202105055,,2026-04-12,geodatosbolivia_mhe_geoportal_geonode_gen_sin_202105055,4326,40.77241929702004,53,15449,14385,True,True,True
mhe.geoportal,geonode:gen_sin_20211223,gen_sin_20211223,,2026-04-12,geodatosbolivia_mhe_geoportal_geonode_gen_sin_20211223,4326,43.21322148933002,56,16297,14487,True,True,True
mhe.geoportal,geonode:gen_sin_20220302,gen_sin_20220302,,2026-04-12,geodatosbolivia_mhe_geoportal_geonode_gen_sin_20220302,4326,43.21322148933002,55,16006,14448,True,True,True
mhe.geoportal,geonode:gen_sin_20220808,gen_sin_20220808,,2026-04-12,geodatosbolivia_mhe_geoportal_geonode_gen_sin_20220808,4326,43.21322148933002,55,17208,15735,True,True,True
mhe.geoportal,geonode:gen_sin_20221208,gen_sin_20221208,,2026-04-12,geodatosbolivia_mhe_geoportal_geonode_gen_sin_20221208,4326,43.21322148933002,55,17208,15736,True,True,True
mhe.geoportal,geonode:gen_sin_20230801,gen_sin_20230801,,2026-04-12,geodatosbolivia_mhe_geoportal_geonode_gen_sin_20230801,4326,40.04457143076601,50,15223,14743,True,True,True
mhe.geoportal,geonode:gen_sin_20240404,gen_sin_20240404,,2026-04-12,geodatosbolivia_mhe_geoportal_geonode_gen_sin_20240404,4326,40.04457143076601,50,15221,14745,True,True,True
mhe.geoportal,geonode:gen_sin_20250131,gen_sin_20250131,,2026-04-12,geodatosbolivia_mhe_geoportal_geonode_gen_sin_20250131,4326,40.04457143076601,47,14345,14563,True,True,True
mhe.geoportal,geonode:gen_sin_20260304,gen_sin_20260304,,2026-04-12,geodatosbolivia_mhe_geoportal_geonode_gen_sin_20260304,4326,40.04457143076601,47,14344,14566,True,True,True
mhe.geoportal,geonode:generacion_ais_2014,generacion_ais_2014,,2026-04-12,geodatosbolivia_mhe_geoportal_geonode_generacion_ais_2014,4326,128.26120684382207,13,3878,11814,True,True,True
mhe.geoportal,geonode:lineas_mt_WGS84,lineas_mt_WGS84,,2026-04-12,geodatosbolivia_mhe_geoportal_geonode_lineas_mt_wgs84,4326,5.723215023357014,110441,27078566,4723548,True,True,True
mhe.geoportal,geonode:mediatension,mediatension,,2026-04-12,geodatosbolivia_mhe_geoportal_geonode_mediatension,4326,40.04121217292996,203,6662995,3444614,True,True,True
mhe.geoportal,geonode:mediatension0,mediatension0,,2026-04-12,geodatosbolivia_mhe_geoportal_geonode_mediatension0,4326,40.66423805368494,220,7057125,3634258,True,True,True
mhe.geoportal,geonode:mediatension1,mediatension1,,2026-04-12,geodatosbolivia_mhe_geoportal_geonode_mediatension1,4326,40.66423805368494,243,7469251,3838536,True,True,True
mhe.geoportal,geonode:postes,postes,,2026-04-12,geodatosbolivia_mhe_geoportal_geonode_postes,4326,1.390371744684007,30547,17883209,2695706,True,True,True
mhe.geoportal,geonode:puestos_WGS84,puestos_WGS84,,2026-04-12,geodatosbolivia_mhe_geoportal_geonode_puestos_wgs84,4326,5.720575526932019,13183,3157207,635519,True,True,True
mhe.geoportal,geonode:sanjose2,sanjose2,,2026-04-12,geodatosbolivia_mhe_geoportal_geonode_sanjose2,4326,0.05503455592200008,112,25745,15512,True,True,True
mhe.geoportal,geonode:solar_2,solar_2,,2026-04-12,geodatosbolivia_mhe_geoportal_geonode_solar_2,4326,161.36345300239006,17,1796786,1043248,True,True,True
mhe.geoportal,geonode:sts2,sts2,,2026-04-12,geodatosbolivia_mhe_geoportal_geonode_sts2,4326,8.38255258448001,64,33132,24593,True,True,True
mhe.geoportal,geonode:subestacion,subestacion,,2026-04-12,geodatosbolivia_mhe_geoportal_geonode_subestacion,4326,26.507638157736007,35,6735,9606,True,True,True
mhe.geoportal,geonode:subestaciones,subestaciones,,2026-04-12,geodatosbolivia_mhe_geoportal_geonode_subestaciones,4326,26.507638157736007,32,6684,10224,True,True,True
mhe.geoportal,geonode:subestaciones_WGS84,subestaciones_WGS84,,2026-04-12,geodatosbolivia_mhe_geoportal_geonode_subestaciones_wgs84,4326,1.296573666881995,57,14110,12356,True,True,True
mhe.geoportal,geonode:trafo_distribucion,trafo_distribucion,,2026-04-12,geodatosbolivia_mhe_geoportal_geonode_trafo_distribucion,4326,1.3722815809529858,977,1013384,145025,True,True,True
mhe.geoportal,geonode:trafos,trafos,,2026-04-12,geodatosbolivia_mhe_geoportal_geonode_trafos,32719,9.529865156864988,4063,5072487,559676,True,True,True
mhe.geoportal,geonode:trafos1,trafos1,,2026-04-12,geodatosbolivia_mhe_geoportal_geonode_trafos1,32719,9.529865156864988,4063,5076550,559676,True,True,True
mhe.geoportal,geonode:tramodistribucion,tramodistribucion,,2026-04-12,geodatosbolivia_mhe_geoportal_geonode_tramodistribucion,4326,9.303769345753986,13514,14842703,1510832,True,True,True
mhe.geoportal,geonode:transformador,transformador,,2026-04-12,geodatosbolivia_mhe_geoportal_geonode_transformador,4326,40.01822174347199,26594,4933719,821606,True,True,True
mhe.geoportal,geonode:transformador0,transformador0,,2026-04-12,geodatosbolivia_mhe_geoportal_geonode_transformador0,4326,40.01822174347199,26594,4960313,821606,True,True,True
mhe.geoportal,geonode:transmision_sin_20170424,transmision_sin_20170424,,2026-04-12,geodatosbolivia_mhe_geoportal_geonode_transmision_sin_20170424,4326,48.820384830629955,225,711485,372398,True,True,True
mhe.geoportal,geonode:transmision_sin_20171103_2,transmision_sin_20171103_2,,2026-04-12,geodatosbolivia_mhe_geoportal_geonode_transmision_sin_20171103_2,4326,48.820384830629955,236,733397,378948,True,True,True
mhe.geoportal,geonode:transmision_sin_20180416_2,transmision_sin_20180416_2,,2026-04-12,geodatosbolivia_mhe_geoportal_geonode_transmision_sin_20180416_2,4326,52.56974241859196,248,776160,397922,True,True,True
mhe.geoportal,geonode:transmision_sin_20190208_2,transmision_sin_20190208_2,,2026-04-12,geodatosbolivia_mhe_geoportal_geonode_transmision_sin_20190208_2,4326,53.187073298815946,247,778838,400598,True,True,True
mhe.geoportal,geonode:transmision_sin_20190416,transmision_sin_20190416,,2026-04-12,geodatosbolivia_mhe_geoportal_geonode_transmision_sin_20190416,4326,53.187073298815946,256,809821,415836,True,True,True
mhe.geoportal,geonode:transmision_sin_20200212_,transmision_sin_20200212_,,2026-04-12,geodatosbolivia_mhe_geoportal_geonode_transmision_sin_20200212,4326,53.187073298815946,260,832480,427792,True,True,True
mhe.geoportal,geonode:transmision_sin_20210303,transmision_sin_20210303,,2026-04-12,geodatosbolivia_mhe_geoportal_geonode_transmision_sin_20210303,4326,53.187073298815946,264,832248,419648,True,True,True
mhe.geoportal,geonode:transmision_sin_20210505,transmision_sin_20210505,,2026-04-12,geodatosbolivia_mhe_geoportal_geonode_transmision_sin_20210505,4326,54.211900470639925,267,874034,448104,True,True,True
mhe.geoportal,geonode:transmision_sin_20211223,transmision_sin_20211223,,2026-04-12,geodatosbolivia_mhe_geoportal_geonode_transmision_sin_20211223,4326,54.211900470639925,274,885339,454386,True,True,True
mhe.geoportal,geonode:transmision_sin_20220808,transmision_sin_20220808,,2026-04-12,geodatosbolivia_mhe_geoportal_geonode_transmision_sin_20220808,4326,58.42496954172992,284,956338,478443,True,True,True
mhe.geoportal,geonode:transmision_sin_20220810,transmision_sin_20220810,,2026-04-12,geodatosbolivia_mhe_geoportal_geonode_transmision_sin_20220810,4326,54.558490631314925,286,968456,485195,True,True,True
mhe.geoportal,geonode:transmision_sin_20221208,transmision_sin_20221208,,2026-04-12,geodatosbolivia_mhe_geoportal_geonode_transmision_sin_20221208,4326,58.42496954172992,288,982039,494718,True,True,True
mhe.geoportal,geonode:transmision_sin_20240404,transmision_sin_20240404,,2026-04-12,geodatosbolivia_mhe_geoportal_geonode_transmision_sin_20240404,4326,54.558490631314925,289,979737,487871,True,True,True
mhe.geoportal,geonode:transmision_sin_20250131,transmision_sin_20250131,,2026-04-12,geodatosbolivia_mhe_geoportal_geonode_transmision_sin_20250131,4326,54.558490631314925,291,979988,492946,True,True,True
mhe.geoportal,geonode:transmision_sin_20260304,transmision_sin_20260304,,2026-04-12,geodatosbolivia_mhe_geoportal_geonode_transmision_sin_20260304,4326,54.558490631314925,291,986849,496544,True,True,True
